,Topic0,Topic1,Topic2,Topic3,Topic4,Topic5,comment
0,0.0,0.0,0.0,0.0,0.0,0.0,"传输速度也够快东西不错正品价格便宜性价比很高颜色清晰无色差反应挺快的看着质量不错
"
1,0.14285714285714285,0.14285714285714285,0.14285714285714285,0.0,0.14285714285714285,0.2857142857142857,"u盘收到非常不错内存144左右够用啦速度快样式小巧玲珑好看盖子也牢固感觉价钱不贵实物与商家描述的相符发货快物流好商家态度好值得购买全五星推荐我已收藏了此店铺有需要还会光临的
"
2,0.0,0.0,0.0,0.0,0.0,0.0,"U盘很好用样子也好看存取速度快送的挂绳也不错好评现在买到16g的也是这个价挺精致的盖子盖的很紧用的时候可以盖尾巴上省的丢来丢去丢没了
"
3,0.0,0.0,0.0,0.0,0.0,0.0,"快递很快宝贝很满意买了几天才来评价我是新手买上是存一些短视频让孩子们学东西的买的时候很怕优盘的套盖用丢了犹豫了很久买到了才发现直接套在后面养成习惯担心是多余的不用的时候套上放在包里肯定比不带盖子防尘塑料磨砂质感感觉也挺结实的应该摔不坏从一个菜鸟到学习下载视频在到学习转化到EVD格式上看着优盘指示灯闪烁的样子在听到任务已完成的提示音感觉自己很有成就感
"
4,0.0,0.0,0.0,0.0,0.0,0.0,"各方面都挺好的用手机试过还可以挂饭卡上访掉优盘外形很简洁容量大概144G平时办公打印用感觉还不错物流速度很快哦包装也很好总共是144G质量很好而且价格又实惠简直是出乎我的想象啊很满意的一次购物与卖家描述的完全一致非常满意完全超出期望值发货速度非常快包装非常仔细、严实物流公司服务态度很好运送速度很快还会再来的
"
5,0.0,0.0,0.0,0.0,0.0,0.0,"挺好的记得五六年前都是买4G的盘都要40块了现在买到16g的也是这个价挺精致的盖子盖的很紧用的时候可以盖尾巴上省的丢来丢去丢没了用了一次速度挺快显示正常好评
"
6,0.0,0.0,0.0,0.0,0.0,0.0,"很不错扫码是正品和包装上的信息相符合主要是冲着送的数据线才买的数据线很不错充电更快了
"
7,0.0,0.0,0.0,0.0,0.0,0.0,"特地下了软件鉴定提好的因为就存屁屁踢什么的没存过电影感觉读写速度还可以的看图剩余容量符合标准
"
8,0.0,0.0,0.0,0.0,0.0,0.0,"说实话很漂亮做系统用刚刚好储存类的还是靠移动硬盘这种的做系统的话用起来不错传输速度也够快五星好评
"
9,0.0,0.0,0.0,0.0,0.0,0.0,"宝贝收到U盘不错、汽车上用、大小适中、插拔方便、价廉物美服务好速度快
"
10,0.0,0.0,0.14285714285714285,0.0,0.0,0.0,"很漂亮小仙女必备试了一下速度也是非常快的容量对于学生平时做个作业来说是够用的推荐噢
"
11,0.0,0.0,0.0,0.0,0.0,0.0,"聚划算里最快收到的快递相信会是正品使用以后再来追家评论
"
12,0.0,0.0,0.0,0.0,0.0,0.0,"超可爱的啊小巧又非常有质感快递1天到特别快磨砂的特别舒服送了挂绳希望不会再丢了helliphellip已经掉了两个了心疼helliphellip最后100分好评卖家服务态度特别好谢谢卖家祝生意兴隆
"
13,0.0,0.0,0.0,0.0,0.0,0.0,"输也比较快外观质量好看起来应该是正品颜色木有色差物流很快外观质量好东芝正品价钱超合适性价比高没有色差
"
14,0.0,0.0,0.0,0.0,0.0,0.0,"物流很快带个帽存取很快有14多g内存学生党用还可以性价比也比较高送了绳
"
15,0.0,0.0,0.0,0.0,0.0,0.0,"是正品而且读写速度很快我主要用它做u盘启动盘给电脑装系统用16g足够了
"
16,0.0,0.0,0.0,0.0,0.0,0.0,"已经在用了速度挺快哈哈下次再来颜色清爽传输速度快
"
17,0.0,0.0,0.0,0.0,0.0,0.0,"物流超快东西很小巧就是查的防伪我就不知道是什么意思了求大神解释这是东芝的正品吗
"
18,0.0,0.0,0.0,0.0,0.0,0.0,"航空快递两天就到手里快也很快包装整个应该是原装东芝的送了一条很长的绳子能用吧够用就行又怕
"
19,0.0,0.0,0.0,0.0,0.0,0.0,"防伪码扫了是正品很漂亮也很精致内存也是够的物流很快性价比高
"
20,0.0,0.0,0.0,0.0,0.0,0.0,"才拿到货物流挺快的宝贝目前在使用中r功能适用宝贝挺不错的嗯试了试用好再评论好的话会继续过来都
"
21,0.0,0.0,0.0,0.0,0.0,0.0,"很满意很满意第一次抱着试试的心态查防伪是正品容量没问题速度也挺好OTG头试了一下完全okay好评客服态度也好～
"
22,0.14285714285714285,0.0,0.42857142857142855,0.0,0.14285714285714285,0.0,"超闪速发货隔天就到了很好用电脑识别也很快非常棒很喜欢小巧的
"
23,0.0,0.0,0.0,0.0,0.0,0.0,"宝贝挺好复制文件爷挺快的颜色挺漂亮比较精致好评
"
24,0.0,0.0,0.0,0.0,0.0,0.0,"很好今天刚刚试了一下下载速度快款式也好看喜欢特地也应了一下是正品的哦
"
25,0.0,0.0,0.0,0.0,0.0,0.0,"宝贝已收到物流太给力了超快宝贝也非常的给力OTG功能太方便了直接对接手机省了好多事客服更是棒棒哒非常耐心的教使用流程给店家满分
"
26,0.0,0.0,0.5714285714285714,0.0,0.5714285714285714,0.0,"正品好用之前买了一款要拷13G的视频拷进去全部无法读取再退货换到这家买这个U盘的虽然存取速度有点慢但能正常读取快递也很速度好
"
27,0.0,0.0,0.0,0.0,0.0,0.0,"宝贝包装严实质量很好颜色漂亮很喜欢卖家服务态度好物流给力
"
28,0.0,0.0,0.0,0.0,0.0,0.0,"不错挺好的里面有144个G应该够用了快递也很快价格实惠
"
29,0.0,0.0,0.0,0.0,0.0,0.0,"快递速度快包装完好拆出来还有内包装感觉很不错与描述得相符刚收到还没用用了之后再来追加评价
"
30,0.0,0.0,0.0,0.0,0.0,0.0,"正品好用质量不错物流给力服务到位
"
31,0.0,0.0,0.0,0.0,0.0,0.0,"这次是二次购买质量不错外观漂亮已经用过啦容量也还可以稳定性强运行速度也快包装完好发货快速很满意
"
32,0.0,0.0,0.0,0.0,0.0,0.0,"帮单位里买的很实用比实体店便宜很满意物流也快的
"
33,0.0,0.0,0.0,0.0,0.0,0.0,"东西好又实惠值得购买物流也快
"
34,0.0,0.0,0.0,0.0,0.0,0.0,"还可以实际只有144G传电影之类的挺快我也只是大多数传个电影而已满意
"
35,0.0,0.0,0.0,0.0,0.0,0.0,"很好看实际容量14g多对于我来说够用了物流很快不错
"
36,0.0,0.0,0.0,0.0,0.0,0.0,"宝贝挺好的外形美观物流挺快满意满意满意满意
"
37,0.0,0.0,0.0,0.0,0.0,0.0,"表白快递小哥物流真的好快第二次购买了很满意哦
"
38,0.0,0.0,0.0,0.2857142857142857,0.0,0.0,"挺好的送货及时u盘外观还行能用就好
"
39,0.0,0.0,0.0,0.0,0.0,0.0,"真心不错哦实际有144g的内存挺好的发货很给力物流也很好还特意打电话告诉我东西送到楼下别忘了取好评
"
40,0.0,0.0,0.0,0.0,0.0,0.0,"好用拷文件啥的完全没问题速度也快值得购买
"
41,0.0,0.0,0.0,0.0,0.0,0.0,"U盘读写速度很快比较稳定希望能用得住卖家发货很快物流配送给力5分好评
"
42,0.0,0.0,0.0,0.0,0.0,0.0,"宝贝质量不错物流给力卖家发货速度神速快递给力满意五分
"
43,0.2857142857142857,0.0,0.5714285714285714,0.2857142857142857,0.2857142857142857,0.0,"服务挺好关键是物流特别快看到东西后特别满意以后还会光顾的
"
44,0.0,0.0,0.0,0.0,0.0,0.0,"很好用的u盘速度很快也很小巧
"
45,0.0,0.0,0.0,0.0,0.0,0.0,"货已收到物流给力期待用后效果好吧
"
46,0.0,0.0,0.0,0.0,0.0,0.0,"用起来挺好的样式也好看快递也给力
"
47,0.0,0.0,0.0,0.0,0.0,0.0,"宝贝很好是正品物流速度超快我很满意下次还到你家买
"
48,0.0,0.0,0.0,0.0,0.0,0.0,"超级好速度还挺快的小巧方便喜欢
"
49,0.0,0.0,0.0,0.0,0.0,0.0,"快递很给力东西更给力简单实用内存足够用了双击666
"
50,0.0,0.0,0.0,0.0,0.0,0.0,"快递给力产品好支持购买正品
"
51,0.0,0.0,0.0,0.0,0.0,0.0,"很棒哦实际有144G很小巧可爱快递的速度超级快
"
52,0.0,0.0,0.0,0.0,0.0,0.0,"特别好插上显示也超快的ltemgt发货快物流也快
"
53,0.0,0.0,0.0,0.0,0.0,0.0,"非常满意性价比很高包装很好快递很快
"
54,0.0,0.14285714285714285,0.0,0.0,0.0,0.14285714285714285,"帮同事买的非常喜欢服务好昨天买今天就到了物流快祝商家生意兴隆
"
55,0.0,0.0,0.0,0.0,0.0,0.0,"发货快品质好好用传文件很快
"
56,0.0,0.0,0.0,0.0,0.0,0.0,"东西很好包装也很好快递速度也挺快的必定5星好评
"
57,0.0,0.0,0.0,0.0,0.0,0.0,"一点就亮144fat32读盘挺快塑料手感略显廉价盖子紧拔的时候要用点力性价比高
"
58,0.0,0.0,0.0,0.0,0.0,0.0,"特地用了一下才评价的不错容量是144G挺好用快递也很及时好评服务也不错
"
59,0.0,0.0,0.14285714285714285,0.0,0.0,0.0,"卖家服务非常好下了订单就来确认信息发货也没的说非常快几乎一天就到了淘宝买东西这么多次冲着这个服务五星好评
"
60,0.0,0.0,0.0,0.0,0.0,0.0,"质量很好读写速度快价格适中大品牌值得信任
"
61,0.0,0.0,0.0,0.0,0.0,0.0,"东西收到好几天了不得不说快递挺快总体还好吧内存说是16G实际1444G我主要是放一些学习的课件用着挺好的
"
62,0.0,0.0,0.0,0.0,0.0,0.0,"包装严实发货快物流快U盘查询过是正品电脑鉴定显示其内存为1434符合包装说明中的最小存储容量材质是塑料但感觉挺结实的盖子也不会松动轻盈小巧携带很方便还送了吊绳到货就可以使用传输速度还行有质量保证客服态度挺好
"
63,0.0,0.0,0.0,0.0,0.0,0.0,"很开心的一次购物原本不敢买还不错物流速度很快下次有需要还会来买144G够用了
"
64,0.0,0.0,0.0,0.0,0.0,0.0,"格式化后再鉴定了一下容量基本够试用了一下比较满意五分包装好到货快满意
"
65,0.0,0.0,0.0,0.0,0.0,0.0,"挺好的比我买的8g的还便宜还好用发货快物流快赞
"
66,0.0,0.0,0.0,0.0,0.0,0.0,"u盘不错物流很快东西也很小巧
"
67,0.0,0.0,0.0,0.0,0.0,0.0,"很好手机能用物流很快满意
"
68,0.0,0.0,0.0,0.0,0.0,0.0,"还不错我买的是白色的个人挺喜欢的内存14G多传输挺快的挺好的东西值得购买
"
69,0.0,0.0,0.0,0.0,0.0,0.0,"物流迅速质量不错使用携带便利总体来说还不错
"
70,0.0,0.0,0.0,0.0,0.0,0.0,"u盘收到物流很快服务很好好评
"
71,0.0,0.0,0.0,0.0,0.0,0.0,"好用数据传输很快不错除了内存小了一些之外都很好
"
72,0.0,0.0,0.0,0.0,0.0,0.0,"宝贝不错包装很好是原装的快递速度比较快满意给卖家和快递点赞
"
73,0.0,0.0,0.0,0.0,0.0,0.0,"发货速度很快u盘有144g反应很快一插进电脑就能检测到刚用觉得还不错不知道传输大文件效果怎样也不知道能用多久目前很满意
"
74,0.0,0.0,0.0,0.0,0.0,0.0,"U盘的质量看起来不错读写速度也很好总容量大概有14GOTG转接头比较实用可以在手机上查看文件推荐购买
"
75,0.0,0.0,0.0,0.0,0.0,0.0,"速度很快啊挂绳也很好用推荐推荐
"
76,0.0,0.0,0.0,0.0,0.0,0.0,"产品很好物流也给力昨天下单今天就到了长安欧尚可以用卖家服务态度很好赞一个
"
77,0.0,0.0,0.0,0.0,0.0,0.0,"必须要说物流很快啊两天就到了其他的看评价已经了解的差不多了看包装也不像是假的平时只是传一传小文档对速度也没有多大要求总之好评啦
"
78,0.0,0.0,0.0,0.0,0.0,0.0,"U盘非常好价格合适用了之后感觉不错就是没有30的快不过一分价钱一分货够用了
"
79,0.0,0.0,0.0,0.0,0.0,0.0,"品牌质量不错U盘空间实在不虚存不掉资料读的速度慢写的速度快价位也不贵希望长期使用时质量能保证
"
80,0.0,0.0,0.0,0.0,0.0,0.0,"很不错读写速度还可以内存够用主要是便宜实惠
"
81,0.0,0.0,0.0,0.0,0.0,0.0,"物流很快包装很好外观也挺好的检查发现内存也够大日后回来追评吧
"
82,0.0,0.0,0.0,0.0,0.0,0.0,"U盘不错不是假盘扫了一下是正品读取也快
"
83,0.0,0.0,0.0,0.0,0.0,0.0,"不错质量很好物流也很快5星好评
"
84,0.0,0.0,0.0,0.0,0.0,0.0,"嗯帮同学买的嗯不错白色的外观比较喜欢哦唯一缺点就是us20的hellip不太会用我复制电影的速度老是上不去当然用软件测速的速度是没问题的咳咳hellip我可没有开车斜眼笑
"
85,0.0,0.0,0.0,0.0,0.0,0.0,"干衣机好装又好用比别的干衣机又快烘干很不错一次购物好品牌又好用
"
86,0.0,0.0,0.0,0.0,0.0,0.0,"u盘打开包装扫了二维码是正品内存测试在正常范围内外观与描述一致物流给力我觉得很满意
"
87,0.0,0.0,0.0,0.0,0.0,0.0,"速度还可以显示是日本生产的质感跟我朋友前几天在这家买的不太一样我朋友买的是菲律宾生产的我的是日本生产的不过速度都相似就是了
"
88,0.0,0.0,0.0,0.0,0.0,0.0,"上周修电脑时同款的16个G的白色U盘店老板跟我收70块钱幸亏在网上看到了这款容量和标值相差不多传输速度也可以的服务OK
"
89,0.0,0.0,0.0,0.0,0.0,0.0,"物流是真的快样式也很好看不过没有16g就144倒也没太大关系价格便宜总体性价比很高
"
90,0.0,0.0,0.0,0.0,0.0,0.0,"还行买个两个备用蓝色比白色好看还是有点色差传文件速度挺快的
"
91,0.0,0.0,0.0,0.0,0.0,0.0,"挺好的看中外观而且也便宜所以才定的读写有144G速度也可以学生党日常够用了就是一般不是都会有LOST这个文件夹吗这个里面空空的什么都没有而且拔盖儿的毕竟没有伸缩的方便hellip已经丢了两个u盘了希望这个能耐用
"
92,0.0,0.0,0.0,0.0,0.0,0.0,"与描述相符物流也挺快连接电脑后实际内存大15GB左右我主要是为了下载一些歌曲用足够用了
"
93,0.0,0.0,0.0,0.0,0.0,0.0,"快递也蛮快的东西也很好包的很严实内存也和其它优盘差不多
"
94,0.0,0.0,0.0,0.0,0.0,0.0,"很满意查了防伪是正品试了手机可以接otg线电脑上看了144快递用的中通速度比较快用用再说目前觉得不错遗憾的是它是日货不过已经全球化啦就不存在这种问题
"
95,0.0,0.0,0.0,0.0,0.0,0.0,"很好看实用内存144G学生党用足够了运行速度还可以白色这么小巧真的超级心水
"
96,0.0,0.0,0.0,0.0,0.0,0.0,"u盘反应很快精致好看两个颜色各要了一个以后需要会再来的
"
97,0.0,0.0,0.0,0.0,0.0,0.0,"宝贝我收到啦卖家的发货速度很快还送了我挂绳物流还是很快的买了没多久就到了有需要的可以在这儿买哟
"
98,0.0,0.0,0.0,0.0,0.0,0.0,"经验证是正品20接口速度还行吧用来放音乐装在车上使用
"
99,0.0,0.0,0.0,0.0,0.0,0.0,"昨天下午买的今天中午就到了速度很快蓝色偏暗但是很有质感空间144G不错的东东
"
100,0.0,0.0,0.0,0.0,0.0,0.0,"卖家确认信息很快发货很快物流很快第二天上午就到了实际144G在接受范围
"
101,0.0,0.0,0.0,0.0,0.0,0.0,"U盘是姐姐推荐的快递很快内存也很不错很好用后续还会评价的
"
102,0.0,0.0,0.0,0.0,0.0,0.0,"物流很快优盘也不错是正品信赖东芝
"
103,0.0,0.0,0.0,0.0,0.0,0.0,"物流还行就是读数超慢不知道能用多久反正期望不大
"
104,0.0,0.0,0.0,0.0,0.0,0.0,"速度很快外表看着也很结实希望能用的时间长一些
"
105,0.0,0.0,0.0,0.0,0.0,0.0,"很好的内存正常速度很快读取速度也很给力
"
106,0.0,0.0,0.0,0.0,0.0,0.0,"宝贝收到了标注16GB系统识别窬量为1442GB签定容量为1434GB还算正常还行吧发货及时物流快
"
107,0.0,0.0,0.0,0.0,0.0,0.0,"我只能说物流还是很快的干嘛给一个根本查不到的防伪码假货的可能性大但能正常使用至于能不能损毁文件暂时还不知道
"
108,0.0,0.0,0.0,0.0,0.0,0.0,"包装啥的各方面都挺好物流够快好
"
109,0.0,0.0,0.0,0.0,0.0,0.0,"颜值高物流快实用挺好的好评
"
110,0.0,0.0,0.0,0.0,0.0,0.0,"看起来不错应该是正品还没试过快递很快
"
111,0.0,0.0,0.0,0.0,0.0,0.0,"三天到货快递速度还是可以滴helliphellip蓝色偏深些送的黑色扣带还行上班用的可以多装点ppt了helliphellip
"
112,0.0,0.0,0.0,0.0,0.0,0.0,"灰常好用卖家超耐心物流超快而且物美价廉很喜欢谢谢卖家
"
113,0.0,0.0,0.0,0.0,0.0,0.0,"东西不错读取速度也很快就是物流比较慢好评了
"
114,0.0,0.0,0.0,0.0,0.0,0.0,"实际容量是14g多反应挺快的用起来也很方便其他以后再追评吧
"
115,0.0,0.0,0.0,0.0,0.0,0.0,"物流很快～东西还没拆开使用不过看起来挺好的
"
116,0.0,0.0,0.0,0.0,0.0,0.0,"这个u盘很满意可用144G能够接受传输速度还好之前也买过一个这个只是不小心搞坏了应该又可以用好久了
"
117,0.0,0.0,0.0,0.0,0.0,0.0,"最郁闷的就是刚买完就降价物流很给力来的及时实际十四点多样子小巧
"
118,0.0,0.0,0.0,0.0,0.0,0.0,"l快立即用正品什N都好
"
119,0.0,0.0,0.14285714285714285,0.0,0.0,0.0,"物流非常快一天就到了还没用不知道怎么样
"
120,0.0,0.0,0.0,0.0,0.0,0.0,"好用我同事给了一个每次要反应半天这个速度很快而且款式比较简单大方
"
121,0.0,0.0,0.0,0.0,0.0,0.0,"物流很快宝贝实际内存144G用了两天来评的感觉速度一般般吧质量感觉还可以跟之前在京东上买的32G的东芝u盘看起来差不多暂时先用着吧
"
122,0.0,0.0,0.0,0.0,0.0,0.0,"不错发货很快三天就到了插进电脑反应也快好评
"
123,0.0,0.0,0.0,0.0,0.0,0.0,"U盘质量很好服务也好物流也快
"
124,0.0,0.0,0.0,0.0,0.0,0.0,"快递到的很快优盘很好用价格很实惠
"
125,0.0,0.0,0.0,0.0,0.0,0.0,"46MB秒的传输速率真的很快啊
"
126,0.0,0.0,0.0,0.0,0.0,0.0,"外观和包装都不错运行速度也挺好的～
"
127,0.0,0.0,0.0,0.0,0.0,0.0,"收到了快递还不错挺快的看着蛮小巧的挺喜欢的
"
128,0.0,0.0,0.0,0.2857142857142857,0.0,0.0,"还不错的一个u盘到了几天了现在才收货希望好用物流挺给力的
"
129,0.0,0.0,0.0,0.0,0.0,0.0,"非常好传输速度很快验证过了是正品
"
130,0.0,0.0,0.0,0.0,0.0,0.0,"好评是正品读取速度快赞
"
131,0.0,0.0,0.0,0.0,0.0,0.0,"用着可以快递也行传输速度大概4-5M每秒
"
132,0.0,0.0,0.0,0.0,0.0,0.0,"U盘收到了用了一下还不错144GB足够用了盖子还牢固外观小巧方便价格还不贵到货速度很快很满意
"
133,0.0,0.0,0.0,0.2857142857142857,0.0,0.0,"如图物流挺快的还没用过不过挺喜欢的
"
134,0.0,0.0,0.0,0.0,0.0,0.0,"很棒很棒快递也挺快的买了两个给公司用的内存挺大的好评
"
135,0.0,0.0,0.0,0.0,0.0,0.0,"商品价格合理质量好快递迅速商家信誉好我非常满意给予好评
"
136,0.0,0.0,0.0,0.0,0.0,0.0,"u盘收到了物流很快还没开始用应该会不错吧
"
137,0.0,0.0,0.0,0.14285714285714285,0.0,0.0,"挺好的快递也特别的快服务也很周到满分
"
138,0.0,0.0,0.0,0.0,0.0,0.0,"物流很快昨天下单的今天就到了u盘144gu盘很满意下次还来这家
"
139,0.0,0.0,0.0,0.0,0.0,0.0,"是正品的TOSHIBA快递快包装结实等保存完书稿再买一个
"
140,0.14285714285714285,0.14285714285714285,0.14285714285714285,0.0,0.14285714285714285,0.2857142857142857,"快递很快很不错非常满意的一次购物内存144G
"
141,0.0,0.0,0.0,0.0,0.0,0.0,"如图显示144速度很快一周看不出有什么问题包装略简陋没有损坏好评
"
142,0.0,0.0,0.0,0.0,0.0,0.0,"质量应该挺好的而且物流很快喜欢
"
143,0.0,0.0,0.0,0.0,0.0,0.0,"物流速度很快实际内存只有144
"
144,0.0,0.0,0.0,0.0,0.0,0.0,"物流速度很快哦包装也很好总共是144G
"
145,0.0,0.0,0.0,0.0,0.0,0.0,"快递很快还送了线和挂绳平时存些小文档很好用
"
146,0.0,0.0,0.0,0.0,0.0,0.0,"快递挺快144G的之前花10块钱买的一个文件老丢失所以又买了这个文件没丢失
"
147,0.0,0.0,0.0,0.0,0.0,0.0,"东西不错很开心快递的速度也不错
"
148,0.0,0.0,0.0,0.0,0.0,0.0,"刚收到试了下不错反应挺快包装很好是正品继续使用观察
"
149,0.0,0.0,0.0,0.0,0.0,0.0,"小巧精致很可爱运行很快本来是要做系统盘用的结果阴差阳错之下没用上纠结ing
"
150,0.0,0.0,0.0,0.0,0.0,0.0,"写入速度还可以
"
151,0.0,0.0,0.0,0.0,0.0,0.0,"东西挺好速度挺快谢谢下次还会光顾
"
152,0.2857142857142857,0.2857142857142857,0.2857142857142857,0.0,0.2857142857142857,0.5714285714285714,"发货快ltemgt物流也快内存144G包装也很正规不错的
"
153,0.0,0.0,0.0,0.0,0.0,0.0,"u盘颜色外观不错查询容量为144G速度还行
"
154,0.0,0.0,0.14285714285714285,0.0,0.0,0.0,"传东西非常快非常喜欢
"
155,0.0,0.0,0.0,0.0,0.0,0.0,"U盘数据正常应该是正品非缩水货可比物流也给力好评
"
156,0.0,0.0,0.0,0.0,0.0,0.0,"客服态度好物流也挺快的U盘也不错哦好评
"
157,0.0,0.0,0.0,0.0,0.0,0.0,"很好很喜欢反应也很快准备来存毕业论文的希望一切顺利啦
"
158,0.0,0.0,0.0,0.0,0.0,0.0,"传输也比较快外观质量好看起来应该是正品颜色木有色差物流很快外观质量好东芝正品价钱超合适性价比高没有色差
"
159,0.0,0.0,0.0,0.0,0.0,0.0,"不错helliphellip快递也很快可用的是144个GB
"
160,0.0,0.0,0.0,0.0,0.0,0.0,"质量好内存空间足物流快服务态度好给满意全五分
"
161,0.0,0.0,0.0,0.0,0.0,0.0,"传输也比较快外观质量好看起来应该是正品性价比高颜色木有色差存取速度快外观质量好看起来应该是正品性价比很高颜色木有色差
"
162,0.0,0.0,0.0,0.0,0.0,0.0,"速度快很好用
"
163,0.0,0.0,0.0,0.0,0.0,0.0,"内存还可以144G物流也挺快的
"
164,0.0,0.0,0.0,0.0,0.0,0.0,"很喜欢下载很快我还印上了我的属性
"
165,0.0,0.0,0.0,0.0,0.0,0.0,"物流很快颜色也好看内存是144g
"
166,0.0,0.2857142857142857,0.2857142857142857,0.0,0.2857142857142857,0.0,"挺好的反应挺快的应该是正品的
"
167,0.0,0.0,0.0,0.0,0.0,0.0,"用了才来评价的插到电脑里很快就显示了用起来也反应超快赞一个
"
168,0.0,0.0,0.0,0.0,0.0,0.0,"物流超级快昨天下的单今天就到了今天用了下反应很快挺好用的
"
169,0.0,0.0,0.0,0.0,0.0,0.0,"挺好用的搭配OTG转接线用直接将手机的文件复制到优盘里不需要经过电脑很方便优盘容量也正常15G多没有虚标查了一下是正品不错不错很喜欢值得买的快过年了辛苦快递小哥这么快送达谢谢新年快乐哦～～
"
170,0.0,0.0,0.0,0.0,0.0,0.0,"超级满意哦速度很快
"
171,0.0,0.0,0.0,0.0,0.0,0.0,"帮同学买的听他说不错速度快那我就给五星塞
"
172,0.0,0.0,0.0,0.0,0.0,0.0,"挺好的读写速度还行实际容量十四点几比较满意查询了是正品
"
173,0.0,0.0,0.0,0.0,0.0,0.0,"快递会飞好快u盘也不错真的就是可能是幸运吧这个u盘刚到宿舍我那个丢了的u盘出现了见鬼了不过还是好评两个都用
"
174,0.0,0.0,0.0,0.0,0.0,0.0,"物流挺快就是包装有点挤变形了还不错
"
175,0.0,0.0,0.0,0.0,0.0,0.0,"不错哦不过建议大家以后还是买30的比较快
"
176,0.0,0.0,0.0,0.0,0.0,0.0,"买回来挺满意的速度快颜色这些都是跟我要求的一样
"
177,0.0,0.0,0.0,0.0,0.0,0.0,"外观漂亮拷贝文件速度还不错
"
178,0.0,0.0,0.0,0.0,0.0,0.0,"目前使用良好反应蛮快的而且不发烫
"
179,0.0,0.0,0.0,0.0,0.0,0.0,"U盘很小巧外形也很好看内存有14多G空间很足物流速度也挺快很及时的解决了我需要用U盘的问题
"
180,0.0,0.0,0.0,0.0,0.0,0.0,"比我想象中稍大了那么一点可能是我之前那个太小了helliphellip总的来说挺不错的存储速度也ok
"
181,0.0,0.0,0.0,0.0,0.0,0.0,"物流挺快的真正可用内存是14G左右平常办公装文件什么的够了
"
182,0.0,0.0,0.0,0.0,0.0,0.0,"挺好的挺信任这个牌子的快递也是挺快的
"
183,0.0,0.0,0.0,0.0,0.0,0.0,"读取速度蛮快的上传速度暂不知道物流也很快总体来说挺满意的就是发票弄丢了嘿呀其他用了再来追评
"
184,0.0,0.0,0.0,0.0,0.0,0.0,"今天试了一下没什么问题速度也挺快的就冲着东芝这个牌子去的希望不要让我失望哦
"
185,0.0,0.0,0.0,0.0,0.0,0.0,"U盘很喜欢物流也很快
"
186,0.0,0.0,0.0,0.0,0.0,0.0,"送的很快质量不错包装精美
"
187,0.0,0.0,0.0,0.0,0.0,0.0,"物流很快颜色好看
"
188,0.0,0.0,0.0,0.0,0.0,0.0,"试了一下速度挺快的不错好评
"
189,0.0,0.0,0.0,0.0,0.0,0.0,"不会丢文件但是传输速度忽快忽慢可能跟文件本身也有关系
"
190,0.0,0.0,0.0,0.0,0.0,0.0,"不错速度挺快样子很好买的是磨砂的那种挂绳很好省得到处找不到它
"
191,0.0,0.0,0.0,0.0,0.0,0.0,"外观很漂亮速度还可以不知道再用几次会怎么样之后追评吧
"
192,0.0,0.0,0.5714285714285714,0.14285714285714285,0.2857142857142857,0.0,"东西收到啦非常方便拿着手感不错重要是质量很好传递速度特别快非常满意
"
193,0.0,0.0,0.0,0.0,0.0,0.0,"挺好的简约好用快递也很快
"
194,0.0,0.0,0.0,0.0,0.0,0.0,"将就吧拷贝速度还好就是实际存储空间有点亏的多了才144G多点
"
195,0.0,0.0,0.0,0.0,0.0,0.0,"物流快看起来也很棒
"
196,0.0,0.0,0.0,0.0,0.2857142857142857,0.2857142857142857,"小巧精致读、写速度也可以好
"
197,0.0,0.0,0.0,0.0,0.0,0.0,"白色干净很小巧传达快价格也是很实惠好评
"
198,0.0,0.0,0.0,0.0,0.0,0.0,"物流很快包装得也很细致u盘现在还没用很久希望能用长久点吧
"
199,0.0,0.0,0.0,0.0,0.0,0.0,"U盘质量不错价格不贵物流速度快
"
200,0.0,0.0,0.0,0.0,0.0,0.0,"质量很好读写快比我在京东买的好多了
"
201,0.0,0.0,0.0,0.0,0.0,0.0,"杭州送温州一天不到的时间收到速度很好东西写入速度5M左右也还可以吧
"
202,0.0,0.0,0.0,0.0,0.0,0.0,"东西不错是正品还送了挂绳物流也很快
"
203,0.0,0.0,0.0,0.0,0.0,0.0,"东西很喜欢今天就用上了物流很快以后有需要还会再来
"
204,0.0,0.0,0.0,0.0,0.0,0.0,"目前来说非常好用速度传输也可以评价晚了不好意思具体质量问题还需要时间去考察
"
205,0.2857142857142857,0.0,0.2857142857142857,0.0,0.2857142857142857,0.0,"不错哦存东西也很快的
"
206,0.0,0.0,0.0,0.0,0.0,0.0,"快递速度很满意拿到u盘后马上试了试感觉还不错
"
207,0.0,0.0,0.0,0.0,0.0,0.0,"东西是正品快递也超快给五星好评
"
208,0.0,0.0,0.0,0.0,0.0,0.0,"拿到就用了比我在实体店买的速度还快超级好评
"
209,0.0,0.0,0.0,0.0,0.0,0.0,"和我以前那个差不多感觉挺像正品的速度也蛮快
"
210,0.0,0.0,0.0,0.0,0.0,0.0,"使用效果很好速度很快白色的手感不错
"
211,0.0,0.0,0.0,0.0,0.0,0.0,"挂绳真心太丑太丑物流很快质量不错
"
212,0.0,0.0,0.0,0.0,0.0,0.0,"是东芝正品包装好容量足速度可以
"
213,0.0,0.0,0.0,0.0,0.0,0.0,"物流很快包装也尚可试了一下速度一般吧
"
214,0.0,0.0,0.0,0.0,0.0,0.0,"买了16个G的实际容量144G不算小物流也很快品牌的东西应该还不错
"
215,0.0,0.0,0.0,0.0,0.0,0.0,"还没开始用不过包装物流都蛮不错
"
216,0.0,0.0,0.0,0.0,0.0,0.0,"识别很快好用
"
217,0.0,0.0,0.0,0.0,0.0,0.0,"盖子很紧不怕掉物流超快第二天就到了好评
"
218,0.0,0.0,0.0,0.0,0.0,0.0,"外观美貌^_^存储速度较快性价比很高
"
219,0.0,0.0,0.0,0.0,0.0,0.0,"物美价廉快递也挺快的还没用希望质量过关吧
"
220,0.0,0.0,0.0,0.0,0.0,0.0,"速度快价格实惠大品牌好评
"
221,0.0,0.0,0.0,0.0,0.0,0.0,"实物比照片颜色深点老公说速度很快满意
"
222,0.2857142857142857,0.0,0.0,0.0,0.0,0.0,"没有16g144一共不过客服态度挺好的读取也很快给好评
"
223,0.0,0.0,0.0,0.0,0.0,0.0,"确实不错速度快而且送的线很实用
"
224,0.0,0.0,0.0,0.0,0.0,0.0,"以前那个在车上要读好一阵这个好用多了读取速度很快基本就是秒放
"
225,0.2857142857142857,0.0,0.0,0.2857142857142857,0.0,0.0,"快递特别快东西特别好我也很喜欢
"
226,0.0,0.0,0.0,0.0,0.0,0.0,"发送速度快只是易发热
"
227,0.0,0.0,0.0,0.0,0.0,0.0,"还行加载速度可以接受
"
228,0.0,0.0,0.0,0.0,0.0,0.0,"东西不错传输和接收速度不错
"
229,0.0,0.0,0.0,0.0,0.0,0.0,"不错反应快
"
230,0.0,0.0,0.0,0.0,0.0,0.0,"第一次在网上买U盘因为比较急着用谢谢卖家及时发货快递很给力至于好坏用过后再追评哈～
"
231,0.0,0.0,0.0,0.0,0.0,0.0,"物流是真心快啊早上拍的下午就到了给个大大的好评
"
232,0.0,0.0,0.14285714285714285,0.0,0.0,0.0,"容量足储存速度快五分
"
233,0.0,0.0,0.0,0.0,0.0,0.0,"这物流没话说U盘容量感觉也还够挺好
"
234,0.0,0.0,0.0,0.0,0.0,0.0,"速度挺快收到货物还不错
"
235,0.0,0.0,0.0,0.0,0.0,0.0,"可用空间十四点几我是够用了只是下载歌车上听的读取速度很快
"
236,0.0,0.0,0.0,0.0,0.0,0.0,"U盘和图片一样好看颜色木有色差送了3条袋子一条白的两条黑的～如果有蓝色的就更好啦因为我的是蓝色U盘～内存16G的可用内存没144G很不错啦而且我二年前买的U盘退回去保修也给我发了一个新的回来helliphellip客服真是太有耐心啦售后很给力哦还有快递也很快嗯以后买U盘就认定这家啦因为优质的服务
"
237,0.0,0.0,0.0,0.0,0.0,0.0,"刚收到货感觉还不错吧店家服务和物流都挺好好评
"
238,0.0,0.0,0.0,0.0,0.0,0.0,"传输速度还可以用着很舒心摸着很光滑
"
239,0.0,0.0,0.0,0.0,0.0,0.0,"东西还不错16g实际可用155g传输速度也还可以
"
240,0.0,0.0,0.0,0.0,0.0,0.0,"体积小巧传输速度也还行
"
241,0.0,0.0,0.0,0.0,0.0,0.0,"快递挺快包装挺好绳有点长
"
242,0.0,0.0,0.0,0.0,0.0,0.0,"很好很适合学生党快递超快
"
243,0.0,0.0,0.0,0.0,0.0,0.0,"是正品物流超快就是有点小贵
"
244,0.0,0.0,0.0,0.0,0.0,0.0,"物流很快用着还行感觉传输速度不是太快
"
245,0.0,0.0,0.0,0.0,0.0,0.0,"好正品、物流也够快的
"
246,0.0,0.0,0.0,0.0,0.0,0.0,"先试了一下不错不知道能不能用的住144G的内存速度也还行
"
247,0.0,0.0,0.0,0.0,0.0,0.0,"速度还是不错滴不错的一次购物体验
"
248,0.0,0.0,0.0,0.0,0.0,0.0,"收货晚了u盘很好看速度也很快质量赞
"
249,0.0,0.0,0.0,0.0,0.0,0.0,"不错不错速度快继续回购的
"
250,0.0,0.0,0.0,0.0,0.0,0.0,"传输快容量大很好用
"
251,0.0,0.0,0.0,0.0,0.0,0.0,"还可以导入速度太慢了导出还挺快
"
252,0.0,0.0,0.0,0.0,0.0,0.0,"还行觉得读取很快
"
253,0.0,0.0,0.0,0.0,0.0,0.0,"简单干净传输速度也还可以
"
254,0.0,0.0,0.0,0.0,0.0,0.0,"还不知道试用之后再追评吧快递很快
"
255,0.0,0.0,0.0,0.0,0.0,0.0,"用了一段时间才来评价的速度挺快的～
"
256,0.0,0.0,0.0,0.0,0.0,0.0,"u盘很好用容量充足读写速度很快外观美观大方值得拥有
"
257,0.0,0.0,0.0,0.0,0.0,0.0,"读取速度很快用的时候有灯一闪一闪的不知道什么作用helliphellip
"
258,0.0,0.0,0.0,0.0,0.0,0.0,"小家伙挺好用的挺快
"
259,0.0,0.0,0.0,0.2857142857142857,0.0,0.0,"东西不错快递很快第2天就收到了好
"
260,0.0,0.0,0.0,0.0,0.0,0.0,"快递很快质量也还好
"
261,0.2857142857142857,0.2857142857142857,0.2857142857142857,0.0,0.2857142857142857,0.5714285714285714,"容量是144G正常容量速度还可以OTG线也好用挺不错的
"
262,0.0,0.0,0.0,0.0,0.0,0.0,"挺不错的比较喜欢快递也比较快
"
263,0.0,0.0,0.0,0.0,0.0,0.0,"喜欢设计好看物流也特别快
"
264,0.0,0.0,0.0,0.0,0.0,0.0,"用着很好读取速度也可以很喜欢
"
265,0.0,0.0,0.0,0.0,0.0,0.0,"好用实际内存没有骗人读取速度也很快
"
266,0.0,0.0,0.0,0.0,0.0,0.0,"速度好快比原来优盘好用
"
267,0.0,0.0,0.0,0.0,0.0,0.0,"不错的实际内存14g多一点吧速度也还可以
"
268,0.0,0.0,0.0,0.0,0.0,0.0,"东西挺精致的物流也很快
"
269,0.0,0.0,0.0,0.0,0.0,0.0,"快递快东西不错
"
270,0.14285714285714285,0.14285714285714285,0.14285714285714285,0.0,0.14285714285714285,0.2857142857142857,"宝贝非常不错速度不错很稳定
"
271,0.0,0.0,0.0,0.0,0.0,0.0,"速度快不错
"
272,0.0,0.0,0.0,0.0,0.0,0.0,"传输速度挺不错样子小巧
"
273,0.0,0.0,0.0,0.0,0.0,0.0,"挺好的反应挺快的不错
"
274,0.0,0.0,0.0,0.0,0.0,0.0,"发货快足量读写速度快
"
275,0.0,0.0,0.0,0.0,0.0,0.0,"物流很快因为有急用真的是在之前送达的
"
276,0.0,0.0,0.0,0.0,0.0,0.0,"已收到很快
"
277,0.0,0.0,0.0,0.0,0.0,0.0,"很快我质量不错
"
278,0.0,0.14285714285714285,0.0,0.0,0.0,0.14285714285714285,"论文答辩急买的非常好传输速度不错哦
"
279,0.2857142857142857,0.2857142857142857,0.0,0.0,0.0,0.0,"容量足性价比高物流很快外观质量好
"
280,0.0,0.0,0.0,0.0,0.0,0.0,"东西很好存的速度比店里买的还快值得买
"
281,0.0,0.0,0.0,0.0,0.2857142857142857,0.2857142857142857,"u盘内存挺足速度也不错挺可以的
"
282,0.0,0.0,0.0,0.0,0.0,0.0,"还不错物流也很给力
"
283,0.0,0.0,0.0,0.0,0.0,0.0,"内存144g写入速度蛮快的挺小巧的不过包装机并没有挂绳挂的口也没办法用钥匙扣挂所以这一点比较不方便
"
284,0.0,0.0,0.0,0.0,0.0,0.0,"快递给力大品牌值得信赖下次还会光顾
"
285,0.0,0.0,0.0,0.0,0.0,0.0,"东西不错读写速度也快
"
286,0.0,0.0,0.0,0.0,0.0,0.0,"样子也蛮好看的速度也挺快
"
287,0.0,0.0,0.0,0.0,0.0,0.0,"u盘很好实际有144G速度真的很快很满意
"
288,0.0,0.0,0.0,0.0,0.0,0.0,"用了几天感觉还不错读写速度挺快的
"
289,0.0,0.0,0.0,0.0,0.0,0.0,"144g还不错物流挺快
"
290,0.0,0.0,0.0,0.0,0.0,0.0,"很好用内存1444左右传输速度挺快的
"
291,0.0,0.0,0.0,0.0,0.0,0.0,"宝贝与描述的一样物流也很快
"
292,0.0,0.0,0.0,0.0,0.0,0.0,"还行吧速度还可以
"
293,0.0,0.0,0.0,0.0,0.0,0.0,"宝贝非常好物流很快
"
294,0.0,0.0,0.0,0.0,0.0,0.0,"u盘不错读取速度快
"
295,0.0,0.0,0.0,0.0,0.0,0.0,"优盘挺好读取速度也可以
"
296,0.0,0.0,0.0,0.0,0.0,0.0,"快递挺快的这是第2次买了很好的
"
297,0.0,0.0,0.0,0.0,0.0,0.0,"性价比高划算物流很快
"
298,0.0,0.0,0.0,0.0,0.0,0.0,"马车速度挺快的宝贝收到实际使用容量少了1G多不过事物没有完美价格也不算贵
"
299,0.0,0.0,0.0,0.0,0.0,0.0,"很划得来内存也有这么多卖家服务态度也很好物流也很快很愉快的一次购物
"
300,0.0,0.0,0.0,0.0,0.0,0.0,"感觉还不错速度还好刚刚上手
"
301,0.0,0.0,0.0,0.0,0.0,0.0,"速度快稳定数据可靠好评
"
302,0.0,0.0,0.0,0.0,0.0,0.0,"物流很快质量也不错
"
303,0.0,0.0,0.0,0.0,0.0,0.0,"还不错读取挺快的
"
304,0.0,0.0,0.0,0.0,0.0,0.0,"质量不错速度也快就是外观、颜色不是十分满意待用一段时间后在评价
"
305,0.0,0.0,0.0,0.0,0.0,0.0,"物流很快第二天早上就到了东西也很好用好评
"
306,0.0,0.0,0.0,0.0,0.0,0.0,"读取速度很快给女朋友买的很喜欢
"
307,0.0,0.0,0.0,0.0,0.0,0.0,"帮别人买的快递很快用后追评
"
308,0.0,0.0,0.0,0.0,0.0,0.0,"实际内存144速度可以
"
309,0.0,0.0,0.0,0.0,0.0,0.0,"反应速度还可以实际可用144G
"
310,0.0,0.0,0.0,0.0,0.0,0.0,"宝贝很满意物流也很快好评
"
311,0.0,0.0,0.0,0.0,0.0,0.0,"快递很快下载速度也快赞一个
"
312,0.0,0.0,0.0,0.0,0.0,0.0,"物流66666超级快
"
313,0.0,0.0,0.0,0.0,0.0,0.0,"物流满意东西也满意
"
314,0.0,0.0,0.0,0.0,0.0,0.0,"速度超快的
"
315,0.0,0.0,0.0,0.0,0.0,0.0,"物流很快U盘插到电脑里显示是144G还行吧希望以后不要出现问题
"
316,0.0,0.0,0.0,0.0,0.0,0.0,"包装没有问题东西试了一下速度也还不错希望一直好用期待
"
317,0.42857142857142855,0.2857142857142857,0.2857142857142857,0.14285714285714285,0.14285714285714285,0.0,"客服态度非常好有问必答很有耐心大大的赞物流非常快价格便宜质量好
"
318,0.0,0.0,0.0,0.0,0.0,0.0,"还没用快递很快习惯好评
"
319,0.0,0.0,0.0,0.0,0.0,0.0,"速度很快测试没有扩容
"
320,0.0,0.0,0.0,0.0,0.0,0.0,"还行速度还可以
"
321,0.0,0.0,0.0,0.0,0.0,0.0,"非常赞好用物流也给力
"
322,0.0,0.0,0.0,0.0,0.0,0.0,"物流很快给别人买的先好评把以后追评
"
323,0.0,0.0,0.0,0.0,0.0,0.0,"送货很快马上用了不错
"
324,0.0,0.0,0.0,0.0,0.0,0.0,"不错输入速度很快内存有144还好
"
325,0.0,0.0,0.2857142857142857,0.0,0.0,0.0,"物流特别快是正品还没用
"
326,0.0,0.0,0.0,0.0,0.0,0.0,"非常好用速度也很快
"
327,0.0,0.0,0.0,0.0,0.0,0.0,"东西质量不错物流也很快
"
328,0.14285714285714285,0.0,0.14285714285714285,0.14285714285714285,0.14285714285714285,0.0,"东西很好物流非常快
"
329,0.0,0.0,0.0,0.0,0.0,0.0,"收到货了物流很快东西也不错
"
330,0.0,0.0,0.0,0.0,0.0,0.0,"好速度很快
"
331,0.0,0.0,0.0,0.0,0.0,0.0,"快递给力习惯好评
"
332,0.0,0.0,0.0,0.0,0.0,0.0,"u盘挺好送货也挺快好评
"
333,0.0,0.0,0.0,0.0,0.0,0.0,"很好的东西内存没有虚的很喜欢快递也很给力
"
334,0.0,0.0,0.0,0.0,0.0,0.0,"物流很快是正品
"
335,0.0,0.0,0.0,0.0,0.0,0.0,"挺好的快递也快
"
336,0.0,0.0,0.0,0.0,0.0,0.0,"用了几次还不错速度也还可以时间可以证明一切后面再来追评
"
337,0.0,0.0,0.0,0.0,0.0,0.0,"发货快ltemgt物流也给力关键是U盘挺不错哒顺便赞美一下客服～
"
338,0.0,0.0,0.0,0.0,0.0,0.0,"优盘包装专业做工很好看着漂亮读取速度快
"
339,0.0,0.0,0.0,0.0,0.0,0.0,"挺好的很喜欢格式化了一下挺快好评
"
340,0.0,0.0,0.0,0.0,0.0,0.0,"物流很快内存挺大的
"
341,0.0,0.0,0.0,0.0,0.0,0.0,"物流很快好东西值得分享
"
342,0.0,0.0,0.0,0.0,0.0,0.0,"挺好物流很给力
"
343,0.0,0.0,0.0,0.0,0.0,0.0,"速度很快不错
"
344,0.0,0.0,0.0,0.0,0.0,0.0,"不错速度很快
"
345,0.0,0.0,0.0,0.0,0.0,0.0,"和实际内存不符小了大概2g但是物流孩子可以
"
346,0.0,0.0,0.0,0.0,0.0,0.0,"还没开始用期待物流很快
"
347,0.0,0.0,0.0,0.0,0.0,0.0,"的确不错物流很快谢谢
"
348,0.0,0.0,0.0,0.0,0.0,0.0,"好用传速快容量也合理
"
349,0.2857142857142857,0.0,0.2857142857142857,0.0,0.2857142857142857,0.0,"物流很快不过还没用呢
"
350,0.0,0.0,0.0,0.0,0.0,0.0,"用了还可以速度比别的盘要快我不知道它是三点零还是二点零反正速度很快
"
351,0.0,0.0,0.0,0.0,0.0,0.0,"挺不错的物流也快
"
352,0.0,0.0,0.0,0.0,0.0,0.0,"还不错物流很快
"
353,0.0,0.0,0.0,0.0,0.0,0.0,"物流很快东西也不错
"
354,0.2857142857142857,0.0,0.2857142857142857,0.0,0.2857142857142857,0.0,"很好速度很快的
"
355,0.0,0.0,0.14285714285714285,0.0,0.0,0.0,"物流一级棒非常快OTG接手机那头特别紧用多了估计就该换手机了
"
356,0.0,0.0,0.0,0.0,0.0,0.0,"物流很快说送的东西都送了给店家好评
"
357,0.0,0.0,0.0,0.0,0.0,0.0,"物流快的没话说很满意
"
358,0.0,0.0,0.0,0.0,0.0,0.0,"物流挺快不错
"
359,0.0,0.0,0.0,0.0,0.0,0.0,"物流很快东西不错
"
360,0.0,0.0,0.0,0.0,0.0,0.0,"东西不错物流也快
"
361,0.0,0.0,0.0,0.0,0.0,0.0,"物流速度挺快的大小144G拷贝文件速度5-7M左右
"
362,0.0,0.0,0.0,0.0,0.0,0.0,"很不错也很快物美价廉
"
363,0.0,0.0,0.0,0.0,0.0,0.0,"速度很快用作车载优盘足够了可以下4000左右歌曲
"
364,0.0,0.0,0.0,0.0,0.0,0.0,"挺好的发的特别快
"
365,0.0,0.0,0.0,0.0,0.0,0.0,"东东还行一分钱一分货平时用用没有问题的物流很给力
"
366,0.0,0.0,0.0,0.0,0.0,0.0,"物流很快就是标注的是16g实际是144g优盘都是这样子比实际空间小点吗
"
367,0.0,0.0,0.0,0.0,0.0,0.0,"u盘做工精致我主要是放车上听歌用速度还可以
"
368,0.0,0.0,0.0,0.0,0.0,0.0,"外观很漂亮传输数据也很快
"
369,0.0,0.0,0.0,0.0,0.0,0.0,"物流很快缓存速度很快值得购买
"
370,0.14285714285714285,0.0,0.14285714285714285,0.0,0.14285714285714285,0.0,"物流很快非常喜欢
"
371,0.0,0.0,0.0,0.0,0.0,0.0,"很好读取很快
"
372,0.0,0.0,0.0,0.0,0.0,0.0,"快递非常快宝贝也挺好看的实不实用以后追评
"
373,0.0,0.0,0.0,0.0,0.0,0.0,"东西很好包装很好快递很快五星好评
"
374,0.0,0.0,0.0,0.0,0.0,0.0,"质量不错物流也快满意
"
375,0.0,0.0,0.2857142857142857,0.0,0.2857142857142857,0.0,"是正品哟实际内存1434g速度特别快
"
376,0.0,0.0,0.0,0.0,0.0,0.0,"传输数据速度适中总体还可以
"
377,0.0,0.0,0.0,0.0,0.0,0.0,"物流快服务态度很好东西也不错值得购买
"
378,0.0,0.0,0.0,0.0,0.0,0.0,"很快很满意
"
379,0.2857142857142857,0.0,0.2857142857142857,0.0,0.2857142857142857,0.0,"不错很快的
"
380,0.0,0.0,0.0,0.0,0.0,0.0,"物流快收到后看了容量是144G耐用性等以后在评价
"
381,0.0,0.0,0.0,0.0,0.0,0.0,"比想象中的可用容量小只有144g物流很快
"
382,0.0,0.0,0.0,0.0,0.0,0.0,"给我们老总买的物流速度很快还没用应该不错
"
383,0.0,0.0,0.0,0.0,0.0,0.0,"很不错速度也很快
"
384,0.0,0.0,0.0,0.0,0.0,0.0,"第二次购买了中通快递不是用一个差字形容的
"
385,0.0,0.0,0.0,0.0,0.0,0.0,"很不错的u盘啊包装非常好物流也很好
"
386,0.0,0.0,0.0,0.0,0.0,0.0,"物流很快u盘很好看
"
387,0.0,0.0,0.2857142857142857,0.0,0.0,0.0,"小巧漂亮速度够快很好
"
388,0.0,0.0,0.0,0.0,0.0,0.0,"速度快物流快不错
"
389,0.0,0.0,0.0,0.0,0.0,0.0,"速度物流挺快包装的很好读写的速度也挺快的
"
390,0.0,0.0,0.0,0.0,0.0,0.0,"不错的包装物流都让人满意
"
391,0.0,0.0,0.0,0.0,0.0,0.0,"快递超级快听朋友说过用的很不错
"
392,0.0,0.0,0.0,0.0,0.0,0.0,"发货很快内存很足是描述的144G传输速度也很快很好看
"
393,0.0,0.0,0.0,0.0,0.0,0.0,"还没开始用感觉包装不错物流也挺给力
"
394,0.0,0.0,0.0,0.0,0.0,0.0,"物流挺快的u盘复制文件进去好慢啊读的速度还是挺快的
"
395,0.0,0.0,0.0,0.0,0.0,0.0,"发货快包装仔细运行速度不错具体性能以后追评
"
396,0.0,0.0,0.0,0.0,0.0,0.0,"不错物流也很快
"
397,0.0,0.0,0.0,0.0,0.0,0.0,"挺好的物流快
"
398,0.0,0.0,0.0,0.0,0.0,0.0,"不错物流很快
"
399,0.2857142857142857,0.0,0.2857142857142857,0.0,0.2857142857142857,0.0,"很不错物流也很快的
"
400,0.0,0.0,0.0,0.0,0.0,0.0,"非常好客服热心物流也很快
"
401,0.0,0.0,0.0,0.0,0.0,0.0,"物流迅速价格便宜还没使用有待追评
"
402,0.0,0.0,0.5714285714285714,0.0,0.5714285714285714,0.0,"上传速度有点慢其他的还行
"
403,0.0,0.0,0.0,0.0,0.0,0.0,"很好速度也可以实际容量144G
"
404,0.0,0.0,0.0,0.0,0.0,0.0,"试用了下速度还不错现在可以多存点工作上资料了很喜欢
"
405,0.0,0.0,0.0,0.0,0.0,0.0,"现在还没有发现问题物流很快
"
406,0.0,0.0,0.0,0.0,0.0,0.0,"优盘很好用二点零速度还可以
"
407,0.0,0.0,0.0,0.0,0.0,0.0,"物流很快宝贝描述的和实物一样值得放心购买
"
408,0.0,0.0,0.0,0.0,0.0,0.0,"东西挺好快递速度也很快
"
409,0.0,0.0,0.0,0.0,0.0,0.0,"物美价廉快递也痛快好评
"
410,0.0,0.0,0.0,0.0,0.0,0.0,"用着感觉传输速度可以别的问题也没发现用了一周多感觉还可以
"
411,0.0,0.0,0.0,0.0,0.0,0.0,"发货快U盘内存够大读取也很快
"
412,0.2857142857142857,0.0,0.5714285714285714,0.2857142857142857,0.2857142857142857,0.0,"我还没用应该不错而且物流特别快真心好评
"
413,0.0,0.0,0.0,0.0,0.0,0.0,"物流很快包装的也严实东西不错hellip
"
414,0.0,0.0,0.0,0.0,0.0,0.0,"还没用但是样子很好看物流也很快
"
415,0.0,0.0,0.0,0.0,0.0,0.0,"速度快好用颜色好看
"
416,0.0,0.0,0.0,0.0,0.0,0.0,"快递非常快颜色也挺不错的内存有144G
"
417,0.0,0.0,0.0,0.0,0.0,0.0,"物流很快容量没的说超赞
"
418,0.0,0.0,0.2857142857142857,0.0,0.2857142857142857,0.0,"物流挺快的有144G不过速度比较慢
"
419,0.0,0.0,0.0,0.0,0.0,0.0,"只有14g到货倒是快的
"
420,0.0,0.0,0.0,0.0,0.0,0.0,"收到U盘了过年了还能和平时一样快真的很赞U盘是全新的还送了好像是东芝定制的红包
"
421,0.0,0.0,0.0,0.0,0.0,0.0,"需要格式化一下不然文件存进去有时候找不到可以保存照片音乐视频接收速度也还行总得来说不错
"
422,0.0,0.0,0.0,0.0,0.0,0.0,"读写速度挺快的好用买了好几个
"
423,0.0,0.0,0.0,0.0,0.0,0.0,"喜欢简约5分好评物流好快
"
424,0.0,0.0,0.0,0.0,0.0,0.0,"快递很快一到马上看了下有14G多不错了赞
"
425,0.0,0.0,0.0,0.0,0.0,0.0,"查询下是正品实用内存是144快递也很快
"
426,0.0,0.0,0.0,0.0,0.0,0.0,"物流很快U盘质量还不错挺好用
"
427,0.2857142857142857,0.2857142857142857,0.2857142857142857,0.0,0.2857142857142857,0.5714285714285714,"挺好的速度很快内存有144G还是不错的
"
428,0.0,0.0,0.0,0.0,0.0,0.0,"有144g看上去不错物流也挺快的
"
429,0.0,0.0,0.0,0.0,0.0,0.0,"嗯可以的查了看是144G的物流也可以
"
430,0.0,0.0,0.0,0.0,0.0,0.0,"u盘很好用传输速度也很快
"
431,0.0,0.0,0.0,0.0,0.0,0.0,"很快可以很好
"
432,0.0,0.0,0.0,0.0,0.0,0.0,"还行吧就是有点贵发货、物流快
"
433,0.0,0.0,0.0,0.0,0.0,0.0,"正在用还没出问题传着挺快
"
434,0.0,0.0,0.0,0.0,0.0,0.0,"143G实际传输速度挺好
"
435,0.0,0.0,0.0,0.0,0.0,0.0,"买来装系统的挺好用的物流也挺快的
"
436,0.0,0.0,0.0,0.0,0.0,0.0,"挺快的三天就到了
"
437,0.0,0.0,0.0,0.0,0.0,0.0,"实际144G用了蛮不错快递很快
"
438,0.0,0.0,0.0,0.0,0.0,0.0,"很好用传输速度也快店家人很好准备再拍一个
"
439,0.0,0.0,0.0,0.0,0.0,0.0,"物流速度很快用起来很方便
"
440,0.0,0.0,0.0,0.0,0.0,0.0,"非常好太快了
"
441,0.0,0.0,0.0,0.0,0.0,0.0,"还没用但是物流很快超快
"
442,0.0,0.0,0.0,0.0,0.0,0.0,"用着还行物流挺快的
"
443,0.0,0.0,0.0,0.0,0.0,0.0,"测了一下内存在允许范围质量很好速度很快好评
"
444,0.0,0.0,0.0,0.0,0.0,0.0,"快递很快现在用着还不错
"
445,0.0,0.0,0.0,0.0,0.0,0.0,"快递很快u盘看上去不错
"
446,0.0,0.0,0.0,0.0,0.0,0.0,"送货很快内存还可以
"
447,0.0,0.0,0.0,0.0,0.0,0.0,"质量好物流快
"
448,0.0,0.0,0.0,0.0,0.0,0.0,"很好物流也很快
"
449,0.0,0.0,0.0,0.0,0.0,0.0,"挺好的满意物流发货速度都很快确实有144G的内存
"
450,0.0,0.0,0.0,0.0,0.0,0.0,"速度可以16G的是144G32G的是288G
"
451,0.0,0.0,0.0,0.0,0.0,0.0,"不错很喜欢物流速度很快
"
452,0.0,0.0,0.0,0.0,0.0,0.0,"包装看起来就很正规查询是正品USB30接口写入速度在85-118之间速度应该还算可以的发货速度块这次快递也很给力临近春节还能做到3天满意
"
453,0.0,0.0,0.0,0.0,0.0,0.0,"物流可以服务态度也好三十多块挺实惠的
"
454,0.0,0.0,0.0,0.0,0.0,0.0,"很快很喜欢
"
455,0.0,0.0,0.0,0.0,0.0,0.0,"不错速度很快很好用
"
456,0.0,0.0,0.0,0.0,0.0,0.0,"u盘可用内存为144g符合描述传输速度也快暂时没发现会丢失文件
"
457,0.0,0.0,0.0,0.0,0.0,0.0,"验证是正品物流快还会再来
"
458,0.0,0.0,0.0,0.0,0.0,0.0,"手机安卓接口快递很快
"
459,0.0,0.0,0.0,0.0,0.0,0.0,"还没用不晓得怎么样物流还可以
"
460,0.0,0.0,0.0,0.0,0.0,0.0,"还行快递很快
"
461,0.0,0.0,0.0,0.0,0.0,0.0,"很好速度也挺快的
"
462,0.0,0.0,0.0,0.0,0.0,0.0,"拷贝速度好慢
"
463,0.0,0.0,0.0,0.14285714285714285,0.0,0.0,"物流简直太给力了
"
464,0.0,0.0,0.0,0.0,0.0,0.0,"很好用速度很快
"
465,0.0,0.0,0.0,0.0,0.0,0.0,"速度挺快的方便
"
466,0.0,0.0,0.0,0.0,0.0,0.0,"读写速度很快
"
467,0.0,0.0,0.0,0.0,0.0,0.0,"物流很快呢还没有使用期待
"
468,0.0,0.0,0.0,0.0,0.0,0.0,"真实内存144个G不错物流也很快
"
469,0.0,0.0,0.0,0.0,0.0,0.0,"好评物流也快
"
470,0.0,0.0,0.0,0.0,0.0,0.0,"物流很快东西也好
"
471,0.0,0.0,0.0,0.0,0.0,0.0,"慢就一个字我只说一次hellip复制366GB的文件需要16分钟我也是醉了都没有我以前买的三星16GB内存卡一半快hellip三星内存卡复制才需要2分40多秒hellip而且U盘才有142GBhellip
"
472,0.0,0.0,0.0,0.7142857142857143,0.0,0.0,"宝贝到了物流很快客服态度也很好不知道用着怎么样
"
473,0.0,0.0,0.0,0.0,0.0,0.0,"算是比较满意的一次购物了物流也很快
"
474,0.0,0.0,0.0,0.0,0.0,0.0,"物流还挺快的就是U盘反应有点慢容量有14点多G还可以
"
475,0.0,0.0,0.0,0.0,0.0,0.0,"快递送的好远而且不说内存大小啊随便一个U盘不可能读取速度大概在2Ms才五个G的东西硬是花了我半个小时服气了
"
476,0.0,0.0,0.0,0.0,0.0,0.0,"不错是正品物流很快好评
"
477,0.0,0.0,0.0,0.0,0.0,0.0,"用了还不错物流也给力
"
478,0.0,0.0,0.0,0.0,0.0,0.0,"宝贝收到了很好快递也给力好评
"
479,0.0,0.0,0.0,0.0,0.0,0.0,"宝贝挺好读取速度快25mm-30mm应该是正品
"
480,0.0,0.0,0.0,0.0,0.0,0.0,"这快递非常快不错给你一个赞
"
481,0.0,0.0,0.0,0.0,0.0,0.0,"用过了来评价质量好物流快
"
482,0.0,0.0,0.0,0.0,0.0,0.0,"收到了物流挺快的三天就到了试了一下没什么问题之前也是买的一样的但是没管好久就坏了希望这个可以管久点
"
483,0.0,0.0,0.0,0.0,0.0,0.0,"速度传输快很不错
"
484,0.0,0.0,0.0,0.0,0.0,0.0,"好物流也很快
"
485,0.0,0.0,0.0,0.0,0.0,0.0,"小小的方便携带存东西的速度挺快的～希望能用得比较久一点
"
486,0.0,0.0,0.0,0.0,0.0,0.0,"很满意速度很快
"
487,0.0,0.0,0.0,0.0,0.0,0.0,"不错速度快发货也快
"
488,0.0,0.0,0.0,0.0,0.0,0.0,"发货到货速度快实际容量144G工作U盘平时考些文档什么也不研究了
"
489,0.0,0.0,0.0,0.0,0.0,0.14285714285714285,"小日本儿的东西还是行的传输速度很快也比较靠谱终于有一个好点的u盘了
"
490,0.0,0.0,0.0,0.0,0.0,0.0,"是正品读取数据快不知道是不是我电脑牛还是U盘好
"
491,0.0,0.0,0.0,0.0,0.0,0.0,"挺好的速度快第二次买这个牌子了应该是正品
"
492,0.0,0.0,0.0,0.0,0.0,0.0,"首先先说一下吧本来他上面写的是16g的内存我的手里是146g的内存第二就是客服的态度很好我之前拍了一个64g的然后拍错了客服很耐心的给我解答然后我主要是买两个u盘是给爷爷下视频的传输速度很快就是内存有一点少现在还没发现什么问题总体来说购物还是很愉快的
"
493,0.0,0.0,0.0,0.0,0.0,0.0,"还不错读取数据比较快不知道用久了会如何先好评以后在追评
"
494,0.0,0.0,0.0,0.0,0.0,0.0,"发货快ltemgt物流也给力很快收到了实际大小144也可以还没正式使用希望用着也可以
"
495,0.0,0.0,0.0,0.0,0.0,0.0,"隔了一天就到了很快东西也挺好颜色好看
"
496,0.0,0.0,0.0,0.0,0.0,0.0,"物流挺快可惜带子在我扔包装时扔掉了好笨啊被自己笨哭
"
497,0.0,0.0,0.0,0.0,0.0,0.0,"显示144G速度还行用着也可以对这个不是太懂好评
"
498,0.0,0.0,0.0,0.0,0.0,0.0,"实际14g左右传输速度较快并且伴有闪烁灯就是价格不是很实惠
"
499,0.0,0.0,0.0,0.0,0.0,0.0,"物流很快因为急着用货到了就打开用很好用买的也是个牌子应该挺会用很久吧有需要可以买
"
500,0.0,0.0,0.0,0.0,0.0,0.0,"应该是正品读写速度也很快希望能够用的久
"
501,0.0,0.0,0.0,0.0,0.0,0.0,"刚刚收到快递速度比较快目前感觉还可以不知道耐不耐用先给好评再说
"
502,0.0,0.0,0.0,0.0,0.0,0.0,"标准的144G包装挺好物流也差不多强行凑字数
"
503,0.0,0.0,0.0,0.0,0.0,0.0,"老公说这个牌子的很快还没有试
"
504,0.0,0.0,0.0,0.0,0.0,0.0,"东西很好物流很快
"
505,0.0,0.0,0.0,0.0,0.0,0.0,"关键是快递超快给力我是着急用的而且内存下来有十四g吧很好用
"
506,0.0,0.0,0.0,0.0,0.0,0.0,"已经第三次买了速度快质量好价钱便宜值得购买
"
507,0.0,0.0,0.0,0.0,0.0,0.0,"帮朋友买的读取速度挺快的重要的是稳定安全
"
508,0.0,0.0,0.0,0.0,0.0,0.0,"U盘很好用便宜实惠卖家发货快ltemgt物流也给力
"
509,0.0,0.0,0.0,0.0,0.0,0.0,"服务态度好物流也很快
"
510,0.0,0.0,0.0,0.0,0.0,0.0,"商家服务态度好物流也很快
"
511,0.0,0.0,0.0,0.0,0.0,0.0,"好评物流快
"
512,0.0,0.0,0.0,0.0,0.0,0.0,"是正品不错歌曲很给力只是没有经典老歌快递不错
"
513,0.0,0.0,0.0,0.0,0.0,0.0,"快递蛮快的实际内存144G之前买的也是这样其它待用了才知道
"
514,0.0,0.0,0.0,0.0,0.0,0.0,"因为有事不能及时评价不过真是良心U盘店主态度也很好满意的购物读写速度很快鉴定了是好盘推荐购买
"
515,0.0,0.0,0.0,0.0,0.0,0.0,"经过电脑测试过有14G多速度也快是正品好用
"
516,0.0,0.0,0.0,0.0,0.0,0.0,"挺好的啊就是物流也挺不错买完之后才感觉没什么用处
"
517,0.0,0.0,0.0,0.0,0.0,0.0,"物流速度还可以还没用不知道好不好用之前有一个同样的不见了心疼买个一样的回来
"
518,0.0,0.0,0.0,0.0,0.0,0.0,"144g的容量很好物流也很快就是学校代收的时候有点慢
"
519,0.0,0.0,0.0,0.0,0.0,0.0,"优盘还是不错的速度可以以前的东芝优盘丢了买的这个
"
520,0.0,0.0,0.0,0.0,0.0,0.0,"东西很不错物流也快144个g装文件够用
"
521,0.0,0.0,0.0,0.0,0.0,0.0,"外观与描述一样物流给力值得推荐
"
522,0.0,0.0,0.0,0.0,0.0,0.0,"实际内存144G传输速度还行
"
523,0.0,0.0,0.0,0.0,0.0,0.0,"144g感觉还可以外观不错传送速度还可以
"
524,0.0,0.0,0.0,0.0,0.0,0.0,"内存是十四点多速度还可以希望能用长久吧
"
525,0.0,0.0,0.0,0.0,0.0,0.0,"放在车上用的目前没有出现问题电脑读取也很快
"
526,0.0,0.0,0.0,0.0,0.0,0.0,"物流很快我知道U盘内存都会有区别可是差了两个ghelliphellip这差的有点儿多昂
"
527,0.0,0.0,0.0,0.0,0.0,0.0,"东西很不错读取也快容量基本相符合
"
528,0.0,0.0,0.0,0.0,0.0,0.0,"东西不错很快
"
529,0.0,0.0,0.0,0.0,0.0,0.0,"收到宝贝物流给力一天就到144内存
"
530,0.0,0.0,0.0,0.0,0.0,0.0,"物流不错用了几次实际没错14点几G颜值高
"
531,0.0,0.0,0.0,0.0,0.0,0.0,"先选的是兰色的过二分钟我发信息让他换白色的他不回话过点时间说已经发货了还是兰的发货有这么快吗接单后二分钟就发了货你们是火箭上天这么快呀
"
532,0.0,0.0,0.0,0.0,0.0,0.0,"用了一两次挺好用的感觉读盘挺快不错
"
533,0.0,0.0,0.0,0.0,0.0,0.0,"读取后实际内存144速度也不错送的小礼物也很喜欢
"
534,0.0,0.0,0.0,0.0,0.0,0.0,"感觉还不错啦快递挺快的内存有144g也是正常的读写都还没有注意给个五星吧
"
535,0.0,0.0,0.0,0.0,0.0,0.0,"很好哦快递也快东西真心不错
"
536,0.0,0.0,0.0,0.0,0.0,0.0,"144G速度很快样子也很好看
"
537,0.0,0.0,0.0,0.0,0.0,0.0,"非常好发货快物流快东西也好应该是正品
"
538,0.0,0.0,0.0,0.0,0.0,0.0,"挺好的还不错物流也超快特地用了一段时间才来评价
"
539,0.0,0.0,0.0,0.0,0.0,0.0,"少了1g多还算正常传输速度也很快
"
540,0.0,0.0,0.0,0.0,0.0,0.0,"16g的u盘实际是14g多是正常的啦真心不错又不贵很快
"
541,0.0,0.0,0.0,0.0,0.0,0.0,"物流很快外观漂亮赞赞赞下次再来
"
542,0.0,0.0,0.0,0.0,0.0,0.0,"物流很快优盘还没用用后再来追评
"
543,0.0,0.0,0.5714285714285714,0.0,0.5714285714285714,0.0,"物流好快就是U盘读取速度有点慢
"
544,0.0,0.0,0.0,0.0,0.0,0.0,"买来就用了快递来的及时还不错扫了码是正品
"
545,0.0,0.0,0.0,0.0,0.0,0.0,"传输速度挺快的实际内存有144g
"
546,0.0,0.0,0.0,0.0,0.0,0.0,"物流很快容量144G试了一下好用
"
547,0.0,0.0,0.0,0.0,0.0,0.0,"用的不错是正品容量大小和传输速度也挺正常的
"
548,0.0,0.0,0.0,0.0,0.0,0.0,"目前没毛病物流给力点就好了
"
549,0.0,0.0,0.0,0.0,0.0,0.0,"还行读取速度也挺快的
"
550,0.0,0.0,0.0,0.0,0.0,0.0,"昨天用了后来评价的速度不错
"
551,0.0,0.0,0.0,0.0,0.0,0.0,"还行有144G速度也还行吧
"
552,0.0,0.0,0.0,0.0,0.0,0.0,"实际是144g速度也还可以
"
553,0.0,0.0,0.0,0.0,0.0,0.0,"外形好质量不错读数很快满意
"
554,0.0,0.0,0.0,0.0,0.0,0.0,"u盘挺好的读取速度也ok
"
555,0.0,0.0,0.0,0.0,0.0,0.0,"物流超快质量杠杠滴
"
556,0.0,0.0,0.2857142857142857,0.0,0.0,0.0,"到货特别快帮别人买的很满意
"
557,0.0,0.0,0.0,0.0,0.0,0.0,"U盘很快就收到反应速度很快
"
558,0.0,0.0,0.0,0.0,0.0,0.0,"U盘挺好用的读写速度挺快的
"
559,0.0,0.0,0.0,0.0,0.0,0.0,"快递很快感觉质量也不错谢谢
"
560,0.0,0.0,0.0,0.0,0.0,0.0,"包装超赞物流超快
"
561,0.0,0.0,0.0,0.0,0.0,0.0,"还不错很快
"
562,0.0,0.0,0.0,0.0,0.0,0.0,"快递很快内存也足够五分
"
563,0.0,0.0,0.0,0.0,0.0,0.0,"快递很快感觉很不错还没试
"
564,0.0,0.0,0.0,0.0,0.0,0.0,"包装严实物流给力很满意
"
565,0.0,0.0,0.0,0.0,0.0,0.0,"很好用快递也很快价格有也很实惠
"
566,0.0,0.0,0.0,0.0,0.0,0.0,"显示可用144G将就吧挺好的物流也很快
"
567,0.0,0.0,0.0,0.0,0.0,0.0,"内存完整速度很快～
"
568,0.0,0.0,0.0,0.0,0.0,0.0,"快递那叫一个快啊还没用看着不错查了防伪码是正品
"
569,0.0,0.0,0.0,0.0,0.0,0.0,"快递很快目前用没问题
"
570,0.0,0.0,0.0,0.0,0.0,0.0,"物流很快宝贝不错赞一个下次继续光顾
"
571,0.0,0.0,0.0,0.0,0.0,0.0,"很好用哦存储速度很快
"
572,0.0,0.0,0.0,0.0,0.0,0.0,"不错速度也挺快的宝贝挺好
"
573,0.0,0.0,0.0,0.0,0.2857142857142857,0.2857142857142857,"不错不错速度还可以的
"
574,0.0,0.0,0.0,0.0,0.0,0.0,"物流挺快商品还可以
"
575,0.0,0.0,0.0,0.0,0.0,0.0,"挺可爱的速度也挺快
"
576,0.0,0.0,0.0,0.0,0.0,0.0,"物流很快服务态度也很好买来还没用不知道好不好用
"
577,0.0,0.0,0.0,0.0,0.0,0.0,"正品满意第二次购买服务好物流快
"
578,0.0,0.0,0.0,0.0,0.0,0.0,"挺好的东西物流也快
"
579,0.0,0.0,0.0,0.0,0.0,0.0,"很快物流传输
"
580,0.0,0.0,0.0,0.0,0.0,0.0,"宝贝不错快递也很给力
"
581,0.0,0.0,0.0,0.0,0.0,0.0,"物流快已经在用了很不错
"
582,0.0,0.0,0.0,0.0,0.0,0.0,"超级快快递
"
583,0.0,0.0,0.0,0.0,0.0,0.0,"快递满分
"
584,0.0,0.0,0.0,0.0,0.0,0.0,"物流挺快的容量如图不知道用起来怎么样
"
585,0.0,0.0,0.0,0.0,0.0,0.0,"挺好的速度还可以
"
586,0.0,0.0,0.0,0.0,0.0,0.0,"快递快质量好就这样
"
587,0.0,0.0,0.0,0.0,0.0,0.0,"快递很给力昨天买的今天就到了
"
588,0.0,0.0,0.0,0.0,0.0,0.0,"很好很快到货很好
"
589,0.0,0.0,0.0,0.0,0.0,0.0,"感觉还不错物流也很快好评
"
590,0.0,0.0,0.0,0.0,0.0,0.0,"东西收到了挺好的物流也很快很满意
"
591,0.0,0.0,0.0,0.0,0.0,0.0,"速度非常的快好评
"
592,0.2857142857142857,0.0,0.0,0.0,0.0,0.0,"很好客服特别耐心快递也不错蟹蟹电阻送的小礼物D
"
593,0.0,0.0,0.0,0.0,0.0,0.0,"蛮不错的看起来也很好物流也快
"
594,0.0,0.0,0.0,0.0,0.0,0.0,"物流很快东西很好
"
595,0.0,0.5714285714285714,0.0,0.0,0.0,0.5714285714285714,"物流很快但很之前买的有些不同
"
596,0.0,0.0,0.0,0.0,0.0,0.0,"速度挺快的好评
"
597,0.0,0.0,0.0,0.0,0.0,0.0,"16g的实际144速度还行otg有点小插和拔不是很好用的样子
"
598,0.0,0.0,0.0,0.0,0.0,0.0,"忘记评价了东西很好用物流超级快是正版
"
599,0.0,0.0,0.0,0.0,0.0,0.0,"是正品读30写4速度感人恍若回到十多年前的奔腾4时代物流很快这价格16g还行
"
600,0.0,0.0,0.0,0.0,0.0,0.0,"标注16GB系统识别容量为1442GB签定容量为1434GB发货和物流挺快满意
"
601,0.0,0.0,0.0,0.0,0.0,0.0,"快递很快两天就到了空间很足相信正品的质量
"
602,0.0,0.0,0.0,0.0,0.0,0.0,"感觉快递挺快的刚刚收到还没用不知道好用不好用包装蛮好大上的
"
603,0.0,0.0,0.0,0.0,0.0,0.0,"是正品u盘传文件速度还不错好评
"
604,0.0,0.0,0.0,0.0,0.0,0.0,"主要用作车上的下东西挺快的好评吧
"
605,0.0,0.0,0.0,0.0,0.0,0.0,"东西挺好的目前用着还可以以后再追评物流啥的都挺快
"
606,0.0,0.0,0.0,0.0,0.0,0.0,"很好用宝贝读取速度也挺快的已经介绍给朋友了好评
"
607,0.0,0.0,0.0,0.0,0.0,0.0,"挺好的呀实际内存有14点多存东西的速度还是挺快的
"
608,0.0,0.0,0.0,0.0,0.0,0.0,"很满意速度快样子漂亮
"
609,0.5714285714285714,0.0,1.1428571428571428,0.5714285714285714,0.5714285714285714,0.0,"宝贝已收到物流相当快宝贝跟图片一样哦内存也有14、4g很不错
"
610,0.0,0.0,0.0,0.0,0.0,0.0,"宝贝的质量还不错快递很快很满意
"
611,0.0,0.0,0.0,0.0,0.0,0.0,"物流感觉挺快的家里人代收但还没用等用了会有追评～
"
612,0.0,0.0,0.0,0.0,0.0,0.0,"快递超快第二天就到了扫了二维码是正品
"
613,0.0,0.0,0.0,0.0,0.0,0.0,"一直用他们家的u盘速度还是比较稳定的
"
614,0.0,0.0,0.0,0.0,0.0,0.0,"有144g传输文件速度还可以
"
615,0.0,0.0,0.0,0.0,0.0,0.0,"东西到还没有用但是快递真的很快
"
616,0.0,0.0,0.0,0.0,0.0,0.0,"宝贝不错物流超快
"
617,0.0,0.0,0.0,0.0,0.0,0.0,"宝贝挺不错的快递快
"
618,0.0,0.0,0.0,0.0,0.0,0.0,"快递很快还没用应该不错
"
619,0.0,0.0,0.0,0.0,0.0,0.0,"u盘挺好的传输速度也挺快
"
620,0.0,0.0,0.0,0.0,0.0,0.0,"还可以读盘速度也很快
"
621,0.0,0.0,0.0,0.0,0.0,0.0,"还行吧快是挺快的
"
622,0.0,0.0,0.0,0.0,0.0,0.0,"很好挺不错的还送了转换线快递也很快
"
623,0.0,0.0,0.0,0.0,0.0,0.0,"很好传输速度比较快
"
624,0.0,0.0,0.0,0.0,0.0,0.0,"U盘不错物流业很好
"
625,0.0,0.0,0.0,0.0,0.0,0.0,"很不错哦速度也快
"
626,0.0,0.0,0.0,0.0,0.0,0.0,"速度很快好评
"
627,0.0,0.0,0.0,0.0,0.0,0.0,"物流有点慢可能是因为雾霾的原因吧其他还好识别很快没有想象中的那么白
"
628,0.0,0.0,0.0,0.0,0.0,0.0,"不错不错快递也很快
"
629,0.0,0.0,0.0,0.0,0.0,0.0,"还可以吧好评物流也快
"
630,0.0,0.0,0.0,0.0,0.0,0.0,"挺好的快递也快很喜欢
"
631,0.0,0.0,0.0,0.0,0.0,0.0,"东西到手了物流速度比较快使用情况还没怎么用传输速度大家看图片吧
"
632,0.0,0.0,0.0,0.0,0.0,0.0,"挺便宜的实际内存有144g快递挺认真负责
"
633,0.0,0.0,0.0,0.0,0.0,0.0,"客服态度超级好物流很快
"
634,0.0,0.0,0.0,0.0,0.0,0.0,"是正品144G写入速度还可以平均8～96ms
"
635,0.0,0.0,0.0,0.0,0.0,0.0,"物流挺快的还行吧本来想要一根彩色的绳子结果是黑色的所以就没有特别好的感觉了
"
636,0.0,0.0,0.0,0.0,0.0,0.0,"实际内存14多下载东西也挺快的空间也足够大买着很划算
"
637,0.0,0.0,0.0,0.0,0.0,0.0,"还可以目前速度还算快
"
638,0.0,0.0,0.0,0.0,0.0,0.0,"急着用选了一家杭州的果然速度感人
"
639,0.0,0.0,0.0,0.0,0.0,0.0,"不错144G比较满意传输速度还好
"
640,0.0,0.0,0.0,0.0,0.0,0.8571428571428571,"正常us30读写速度物流快服务好
"
641,0.0,0.0,0.0,0.0,0.0,0.0,"是正品m然I的rg]有lX是USB20但x也符合理想的速度
"
642,0.0,0.0,0.0,0.0,0.0,0.0,"试了下速度6兆多每秒很快之前帮别人买过这会自己买了一个希望可以用很久
"
643,0.0,0.0,0.0,0.0,0.0,0.0,"U盘是正品物流也很快就是里面下的音乐不敢恭维还不如回来自己下
"
644,0.0,0.0,0.0,0.0,0.0,0.0,"已经收到了感觉质量还不错运送速度也很快
"
645,0.0,0.0,0.0,0.0,0.0,0.0,"宝贝收到了原装进口下载很快已经在用了
"
646,0.0,0.0,0.0,0.0,0.0,0.0,"到货速度快东西也不错
"
647,0.0,0.0,0.0,0.0,0.0,0.0,"读取写入速度还算不错实际容量144还算不错
"
648,0.0,0.0,0.0,0.0,0.0,0.0,"东西不错读写比较快
"
649,0.0,0.0,0.0,0.0,0.0,0.0,"东西收到物流忒快这处购物很满意
"
650,0.0,0.0,0.0,0.0,0.0,0.0,"30的并不周目快感觉和20的没区别
"
651,0.0,0.0,0.0,0.0,0.0,0.0,"质量杠杠的速度快祝老板鸡年发大财
"
652,0.0,0.0,0.0,0.0,0.0,0.0,"太棒了U盘很正做otg使用传输速度也很快
"
653,0.0,0.0,0.0,0.0,0.0,0.0,"写入速度好容量符合
"
654,0.0,0.0,0.0,0.0,0.0,0.0,"物流还是比较快的客服态度也很好东东还没试看起来不错
"
655,0.0,0.0,0.0,0.0,0.0,0.0,"挺好的这款u盘快递也挺快以后还会光顾的
"
656,0.0,0.0,0.0,0.0,0.0,0.0,"快递很快价格实惠
"
657,0.0,0.0,0.0,0.0,0.0,0.0,"东西好速度快赞
"
658,0.0,0.0,0.0,0.0,0.0,0.0,"挺好的内存144G正常而且物流奇快2天就到
"
659,0.0,0.0,0.0,0.0,0.0,0.0,"挺好用传输速度挺快的ltemgt发货很快
"
660,0.0,0.0,0.0,0.0,0.0,0.0,"速度可以没有闪迪传输时的高温很好
"
661,0.0,0.0,0.0,0.0,0.0,0.0,"优盘不错传输速度很快
"
662,0.0,0.0,0.0,0.0,0.0,0.0,"快递挺快的内存只有144算好评吧
"
663,0.0,0.0,0.0,0.0,0.0,0.0,"可以传输速度可以
"
664,0.0,0.0,0.0,0.0,0.0,0.0,"涨价涨的太快了
"
665,0.14285714285714285,0.0,0.2857142857142857,0.14285714285714285,0.14285714285714285,0.0,"宝贝非常好物流非常快非常满意
"
666,0.0,0.0,0.0,0.0,0.0,0.0,"速度很快发货迅速
"
667,0.0,0.0,0.0,0.0,0.0,0.0,"传输速度不错
"
668,0.0,0.0,0.0,0.0,0.0,0.0,"速度没得说666
"
669,0.0,0.0,0.0,0.0,0.0,0.0,"物流很快U盘质量不错
"
670,0.0,0.0,0.0,0.0,0.0,0.0,"不错应该是正品物流快
"
671,0.0,0.0,0.0,0.0,0.0,0.0,"能用送货快
"
672,0.0,0.0,0.0,0.0,0.0,0.0,"物流超级快
"
673,0.0,0.0,0.0,0.0,0.0,0.0,"很好物流也不错值
"
674,0.0,0.0,0.0,0.0,0.0,0.0,"很快的谢谢
"
675,0.0,0.0,0.0,0.0,0.0,0.0,"很好很快
"
676,0.0,0.0,0.0,0.0,0.0,0.0,"rateContent
"
677,0.0,0.0,0.0,0.0,0.0,0.8571428571428571,"很好用读取速度很快感觉比其那些便宜的us30u盘要实惠的多
"
678,0.0,0.0,0.0,0.0,0.0,0.0,"很开心的一次购物原本不敢买还不错刚收到货查了一下是正品物流速度很快下次有需要还会来买144G够用了
"
679,0.0,0.0,0.0,0.0,0.0,0.0,"物流很快隔天早上就到了东西也好mac系统也能读取满足了我的需求
"
680,0.0,0.0,0.0,0.0,0.0,0.0,"U盘很漂亮尤其喜欢它的颜色存储速度也很快实际可储存空间为144G很不错
"
681,0.0,0.0,0.0,0.0,0.0,0.0,"宝贝包装精美质量很好使用后很满意卖家服务态度好物流给力很满意的一次购物
"
682,0.0,0.0,0.0,0.0,0.0,0.0,"货已收到物流速度很快包装很仔细打开用过几次了传输速度很快内存充足很满意好评过一段时间再来追评
"
683,0.0,0.0,0.0,0.0,0.0,0.0,"买给老公公司用的东西小巧质量不错包装也很好物流很速度价钱超合适5分
"
684,0.0,0.0,0.0,0.0,0.0,0.0,"优盘质量真的好小巧方便携带而且我觉得速度挺快的又买了一个
"
685,0.0,0.0,0.0,0.0,0.0,0.0,"查询了一下是正品质量不错快递不错性价比不错
"
686,0.0,0.0,0.0,0.0,0.0,0.0,"比较满意发货及时ltltemgtemgt物流迅速物美价廉发货及时物流迅速
"
687,0.0,0.0,0.0,0.0,0.0,0.0,"宝贝不错很给力快递很给力赞一个
"
688,0.0,0.0,0.0,0.0,0.0,0.0,"物流很快包装很好价廉物美祝店家生意兴隆
"
689,0.0,0.0,0.0,0.0,0.0,0.0,"服务很好物流很快性价比很高
"
690,0.0,0.0,0.0,0.0,0.0,0.0,"先不说宝贝快递员的表现已经非常完美了不打个五星好评都对不起自己了谢谢快递小哥谢谢老板
"
691,0.0,0.0,0.0,0.0,0.0,0.0,"好评很好用速度快服务很到位
"
692,0.0,0.0,0.0,0.0,0.0,0.0,"宝贝很好物流超快店家服务态度也很好下次有需要会继续光顾
"
693,0.0,0.0,0.0,0.0,0.0,0.0,"很好用正品快递小哥也很好中间绲阄侍饪珊芸彀锩解决早上九点不到就加班帮忙我送来了非常满意的一次购物
"
694,0.0,0.0,0.0,0.7142857142857143,0.0,0.0,"不得不说物流很快然后的确有14个g送的那个转接线我还不知道怎么用它把手机里的文件放进优盘不过优盘还是很好的
"
695,0.0,0.0,0.0,0.0,0.0,0.0,"只有144g不错了放车上听歌方便传输很快手机OTG也很方便helliphellip好评
"
696,0.0,0.0,0.0,0.0,0.0,0.0,"一天就到快递果断好评包装很好非常赞
"
697,0.0,0.0,0.0,0.0,0.0,0.0,"正品物流快质量好速度快
"
698,0.0,0.0,0.0,0.0,0.0,0.0,"物流很快产品质量也很好好评
"
699,0.0,0.0,0.0,0.0,0.0,0.14285714285714285,"物流真的是超级快u盘非常的好物有所值可以放心购买
"
700,0.0,0.0,0.0,0.0,0.0,0.0,"物流快老板服务态度好开始拍错了拍成一种颜色两个当天退款到帐后来问老板老板很耐心让我挨个拍两种颜色一样一个优盘用了5天质量不锗给满意全五分祝老板生意兴隆吉祥如意
"
701,0.0,0.0,0.0,0.0,0.0,0.0,"宝贝很好做工细致质量很棒快递很快
"
702,0.0,0.0,0.0,0.0,0.0,0.0,"真心不错下载好快卖家服务态度也很好值得再来
"
703,0.0,0.0,0.0,0.0,0.0,0.0,"快递很快发货很快ltemgt穿文件也很快内存准确好
"
704,0.0,0.0,0.0,0.0,0.0,0.0,"收到货就在电脑上试用了一下感觉还不错物流速度也还不错五星好评吧
"
705,0.0,0.0,0.0,0.0,0.0,0.0,"U盘收到了还不错跟卖家描述一致携带方便传送速度快感谢卖家
"
706,0.0,0.0,0.0,0.0,0.0,0.0,"用360鉴定容量1434g应该是真的用一段时间再说吧～物流超级快
"
707,0.0,0.0,0.0,0.0,0.0,0.0,"物流速度还可以包装完整无损重点是能扫出来内存试一下有144g对我来说也够用了好评吧
"
708,0.0,0.0,0.0,0.0,0.0,0.0,"内存只要14+下载东西挺快
"
709,0.2857142857142857,0.0,0.2857142857142857,0.2857142857142857,0.2857142857142857,0.0,"U盘收到还]使用过等使用后最来评价不过物流挺快拍下第二天就到
"
710,0.0,0.0,0.0,0.0,0.0,0.0,"物流超给力昨天下单今天就到了u盘挺好用的可用内存144G
"
711,0.0,0.0,0.0,0.0,0.0,0.0,"特意用过后再评论实际内存只有144G拷贝速度也挺快的
"
712,0.0,0.0,0.0,0.0,0.0,0.0,"U盘小巧玲珑反应也快很满意
"
713,0.0,0.0,0.0,0.0,0.0,0.0,"东西中午已收到快递小哥提前让我在路边等等了快半个小时试了下产品运转速度还可以就是歌曲里除了DJ还有好多的老歌曲感觉下载的歌曲值不到十块钱也就五块钱的样子不太满意产品总体来说还可以点个小赞
"
714,0.0,0.0,0.0,0.0,0.0,0.0,"货品不错144G的存储快递也很迅速就是读写有些慢还可以吧
"
715,0.0,0.0,0.0,0.0,0.0,0.0,"物流挺快倒宝贝还没用用后再追评今天朋友也让帮着买了一个
"
716,0.0,0.0,0.0,0.0,0.0,0.0,"电脑拉东西进去有点慢了写入速度是45M每秒而且会有点发热不过在正常范围整体还行快递倒是蛮快的
"
717,0.0,0.0,0.0,0.0,0.0,0.0,"挺好看的速度还行有较高性价比
"
718,0.0,0.0,0.0,0.0,0.0,0.0,"商品与卖家描述一致有144G办公室导文件速度让人满意
"
719,0.0,0.0,0.0,0.0,0.0,0.0,"收到了物流超级快和图片一样的内存144用用再说
"
720,0.0,0.0,0.0,0.0,0.0,0.0,"物流挺快但没试呢也不知道咋样希望质量很好
"
721,0.0,0.0,0.0,0.0,0.0,0.0,"144G还没有用物流很快就是感觉丑了一点总体还不错
"
722,0.0,0.0,0.0,0.0,0.0,0.0,"买给父亲平时下点音乐放车上16够用物流挺快的
"
723,0.0,0.0,0.0,0.0,0.0,0.0,"东西好速度好值得购买
"
724,0.0,0.0,0.0,0.0,0.0,0.0,"宝贝很好用传输速度挺快的
"
725,0.0,0.0,0.0,0.0,0.0,0.14285714285714285,"物流好快比其他快两天u盘非常好看正品再要再来
"
726,0.2857142857142857,0.0,0.2857142857142857,0.0,0.2857142857142857,0.0,"速度很快不过还没用不知道好不好
"
727,0.0,0.0,0.0,0.0,0.0,0.0,"挺好用的物流也会快特意买的蓝色喜欢
"
728,0.0,0.0,0.0,0.0,0.0,0.0,"可以哟响应挺快的而且内存也够
"
729,0.0,0.0,0.0,0.0,0.0,0.0,"东西不错很好很快
"
730,0.0,0.0,0.0,0.0,0.0,0.0,"东西不错是正品读写速度也快
"
731,0.0,0.0,0.0,0.0,0.0,0.0,"速度快非常棒
"
732,0.0,0.0,0.0,0.0,0.0,0.0,"速度较快剩余144G暂时还好
"
733,0.0,0.0,0.0,0.0,0.0,0.0,"东西很好还开了发票物流也还不错赶到周末以前到的
"
734,0.0,0.0,0.0,0.0,0.0,0.0,"还没用用后再评价快递超给力
"
735,0.0,0.0,0.0,0.0,0.0,0.0,"还可以查了一下14G多的空间下载歌很快
"
736,0.0,0.0,0.0,0.0,0.0,0.0,"不错连接速度快
"
737,0.0,0.0,0.0,0.0,0.0,0.0,"U盘先试了一个运速较快ltemgt发货也快
"
738,0.0,0.0,0.0,0.0,0.0,0.0,"物流挺快实物与照片一致
"
739,0.0,0.0,0.0,0.0,0.0,0.0,"东西很好快递很快值得信赖
"
740,0.0,0.0,0.0,0.0,0.0,0.0,"读写速度很快不错
"
741,0.0,0.0,0.0,0.0,0.0,0.0,"不错读写速度很快
"
742,0.0,0.0,0.0,0.0,0.0,0.0,"挺好的呢速度也很快
"
743,0.0,0.0,0.0,0.0,0.0,0.0,"挺好用的送货也很快
"
744,0.0,0.0,0.0,0.0,0.0,0.0,"昨天买的今天就到也太快了跟以前弄丢的那个应该是一样的谢谢店主
"
745,0.0,0.0,0.0,0.0,0.0,0.0,"不错挺好用的物流也挺快的
"
746,0.0,0.0,0.0,0.0,0.0,0.0,"可以内存144还可以物流速度挺快不错
"
747,0.0,0.0,0.0,0.0,0.0,0.0,"好用好用速度也挺快
"
748,0.0,0.0,0.0,0.0,0.0,0.0,"东西还不错物流快用手机扫了一下是正品需要的赶紧入手吧
"
749,0.0,0.0,0.0,0.0,0.0,0.0,"U盘挺好的速度挺快的
"
750,0.0,0.0,0.0,0.0,0.0,0.0,"就是物流很满意
"
751,0.0,0.0,0.0,0.0,0.0,0.0,"不错速度也还可以
"
752,0.0,0.0,0.0,0.0,0.0,0.0,"读写速度很快
"
753,0.0,0.0,0.0,0.0,0.0,0.0,"读取挺快的白色好看
"
754,0.2857142857142857,0.2857142857142857,0.0,0.0,0.0,0.0,"快递好快卖家贴心质量好
"
755,0.0,0.0,0.0,0.0,0.0,0.0,"物流很快U盘也还好142G
"
756,0.0,0.0,0.0,0.0,0.0,0.0,"还不错物流也挺快
"
757,0.0,0.0,0.0,0.0,0.0,0.0,"挺好的速度也挺快
"
758,0.0,0.0,0.0,0.0,0.0,0.0,"还没用但是物流真的超快很满意
"
759,0.0,0.0,0.0,0.0,0.0,0.0,"物流超级快东西很好
"
760,0.0,0.0,0.0,0.0,0.0,0.0,"物流很快u盘也不错送了一个挂绳很方便
"
761,0.0,0.0,0.0,0.0,0.0,0.0,"宝贝很好物流速度很快
"
762,0.0,0.0,0.0,0.0,0.0,0.0,"很好用速度也很快给好评
"
763,0.0,0.0,0.0,0.0,0.0,0.0,"物流很快现在用着感觉还好
"
764,0.0,0.0,0.0,0.0,0.0,0.0,"挺好的物流也很给力
"
765,0.0,0.0,0.0,0.0,0.0,0.0,"本来买来装系统用的但速度太慢解压一个win10系统要50几分钟如高速u盘只要10分钟只好用来存放无损音乐
"
