,comment,position
0,"['棒棒', '哒', '内存', '148', '比', '我', '另', '一个', '好用', '体积小', '速度', '快', '另', '一个', '16g', '买回来', '只', '剩', '143', '了', '速度', '也', '快', '哈哈哈', '刚刚', '好']",速度快 速度也快
1,"['已经', '第五次', '购买', '这', '款', '优盘', '了', '用', '起来', '真的', '很', '给', '力', '尤其', '是', '用', '在', '工厂', '车间', '机器', '传输', '程序', '读写', '比', '其余', '品牌', '快', '两倍', '就是', '涨价', '了', '比起', '最', '开始', '购买', '价格', '整整', '翻', '了', '一倍', '货物', '没得说', '是', '真实', '的', '其中', '有', '两次', '购买', '到', '的', '冒牌货', '以下', '会', '有', '冒牌货', '跟', '真实', '货物', '图片', '对比', '带', '小', '绳子', '是', '这次', '购买', '真实', '货物', '没带', '小', '绳子', '的', '是', '冒牌货', '他发', '的', '品牌', '图片', '完全一致', '只有', '拿到', '手里', '才', '知道', '是', '冒牌货']",读写比其余品牌快两倍
2,"['一', '拿到', '就', '开始', '用', '了', '传输速度', '还', '可以', '很', '小巧', '方便', '携带']",传输速度还可以
3,"['优盘', '第三天', '就', '收到', '了', '很快', '够', '小巧', '适合', '在', '车上', '用', '上官', '网', '查验', '是', '正品', '连接', '头', '也', '很', '好', '用']",很快
4,"['小巧', '精致', '用', '起来', '相当', '方便', '也', '不', '占', '地方', '实际', '内存', '有', '148G', '在', '车上', '听歌', '使用', '特别', '合适', '性价比', '很', '高速度', '也', '很快', '很', '满意']",速度也很快
5,"['很', '好', '的', '卖家', '服务', '好', '发货', '快', '包装', '严实', '物流', '快', '包装', '完好', '收到', '的', '与', '描述', '一致', 'U盘', '很', '好', '用', '赞']","发货快</<em>em>,包装严"
6,"['宝贝', '很漂亮', '质量', '好', '做工', '精细', '快递', '跟', '给', '力', '卖家', '态度', '很', '好', '价格合理', '经济', '实惠', '外观', '很漂亮', '如果', '有', '需要', '还会', '在', '来', '的', '5', '份', '好评', '是', '应该', '的', '用', '着', '方便', '价格便宜', '实用性', '强', '卖家', '发货', '及时', '物流', '快', '老板', '服务', '好', '产品', '性价比', '高', '功能强大', '价格', '实惠', '老板', '还有', '优惠', '真心', '的', '感谢', '都', '可以', '充值', '以后', '有', '需要', '还会', '光顾', '的', '5', '分', '好评', '谢谢', '老板']",快递跟给力 格便宜<em>，实用
7,"['宝贝', '收到', '了', '很小', '很', '精致', '我', '是', '往', '车上', '插', '的', '挺', '好', '的', '不', '占', '地方', '容量', '还', '大', '速度', '看上去', '非常', '快', '1', '个', 'G', '的', '文件', '几秒钟', '搞定', '谢谢', '店家', '以后', '还会来', '的']",速度看上去非常快
8,"['物流', '很快', '十分', '小巧', '可爱', '查', '了', '防伪', '正品']",物流很快
9,"['东西', '挺', '好', '读写', '比', '其余', '品牌', '快', '两倍', '一看', '就是', '正品', '包装', '无疑', '价格便宜', '性价比', '很', '高', '品牌', '的', '东西', '就是', '好用', '确实', '是', '正品', '比', '京东', '便宜', '好几块', '产品', '性价比', '高']",读写比其余品牌快两倍
11,"['快递', '可以', 'U盘', '小巧玲珑', '的', '验过', '了', '是', '正品', '只是', '用', '的', '时候', '起热有', '一点点', '烫', '总体', '比较满意']",快递可以
12,"['酷豆', '好好', '用', '方便快捷', '经验', '证为', '正品', '店家', '发货', '迅速', '快', '递给', '力']",<em>店家发货迅速
13,"['给', '车上', '买', '的', '迷你', 'U盘', '是', '自己', '想要', '的', '东西', '赞', '一个', '物流', '也', '给', '力', '拔掉', '帽', '太小', '了', '怕', '找', '不见', '卸', '了', '老婆', '娃娃', '上', '的', '一个', '铃铛', '绑', '上', '哈哈', '不错', '值得', '拥有']",物流也给力
14,"['还', '不错', 'U盘', '很', '娇小', '超级', '喜欢', '物流', '也', '快', '给', '好评']",物流也快
15,"['很', '好', '很', '强大', '车上', '用', '原来', '用', '读卡器', '占', '地方', '还', '总坏', '今天', '就', '买', '了', '这', '宝贝', '还', '真', '小', '不', '占', '地方', '隐形', '了', '还', '带', '指示灯', '厉害', '传输速度', '也', '快', '空间', '太', '大', '关键', '8G', '的', '也', '是', '这价', '还是', '拿个', '大', '的', '也', '能', '装点', '别的', '正品', '大小', '规范', '新品', '插拔', '比较', '紧', '带上', '绳子', '好用', '希望', '能', '用', '长久', '好评', '先']",传输速度也快
16,"['非常', '的', '好', '这么', '小巧', '功能', '也', '这么', '强大', '快递', '也', '很', '不错', '很快', '服务', '很', '好']",快递也很不错 很快
17,"['包装', '很', '好', '送货', '速度', '也', '快', '打开', '一看', '商品', '外表', '也', '精致', '检测', '实际', '容量', '148G', '很', '满意']",送货速度也快
18,"['货', '收到', '了', '发货', '非常', '快', 'ltemgt', '快递', '也', '非常', '快', '东西', '挺', '好', '包装', '挺', '精致', '验', '了', '一下', '确实', '是', '正品', '值得', '购买']",发货<em>非常快</e
19,"['不错', '特别', '快', '实惠', '迷你', '是', '我', '喜欢', '的']",特别快
21,"['这', '几天', '比较忙', '都', '忘记', '评价', '了', '物流', '速度', '快', '质量', '也', '不错', '呢', '小小的', '不', '占', '地方', '这下', '可以', '把', '重要', '的', '东西', '备份', '了']",物流速度快
22,"['很', '适合', '车上', '用', '插入', 'USB', '接口', '后', '还', '能', '正常', '盖上', '防尘盖', '使用', '时', '发热', '有点', '大', '不知', '会否', '影响', '使用寿命', '物流', '很快', '包装', '完好']",物流很快
23,"['非常', '小巧', '的', 'U盘', '在', '官', '网查', '了', '是', '正品', '的', '好', '用', '非常', '喜欢', '价格', '实惠', '发货', '快', '物流', '也', '快', '啊']",发货快
24,"['小巧玲珑', '的', 'USB', '读取', '非常', '快', '很', '实惠', '划算']",读取非常快
25,"['很', '小巧', '方便', '内存', '也', '足', '真的', '不错', '小', '身材', '大', '能量', '下次', '还会', '光临', '赞', '一个', '物流', '很', '给', '力']","920-11-0,5;920-11-29,32;920-12-15,21;920-11-6,14;420-11-33,38;"
26,"['朋友', '检测', '了', '14g', '多', '正常', '还', '没有', '用', '应该', '很', '好', '包装', '很', '好', '物流', '很快', '给', '五分', '好评']",物流很快
27,"['u', '盘', '很小', '方便', '携带', '读取', '速度', '很快', '值得', '拥有']",读取速度很快
28,"['第二次', '购买', '质量', '很', '好', '读卡', '的', '速度', '也', '相当', '的', '快', '小巧玲珑', '很', '适合', '各种', '场合', '用', '以后', '继续', '光临', '此店']",读卡的速度也相当的快
29,"['u', '盘', '很', '小巧', '传输速度', '也', '很快', '这', '一点', '很', '满意', '唯一', '美中不足', '的', '是', '盖子', '有点', '松试', '了', '一下', '容易', '掉', '这', '一点', '再', '改进', '一下', '就', '更加', '完美', '了', '物流', '很快']",传输速度也很快这一点很满意 物流很快
30,"['U盘', '小巧', '价格', '实惠', '运行', '速度', '也', '不错', '好评', '物流', '较', '快']",运行速度也不错<<em>/em>
31,"['好', '东西', '小小的', '不', '占', '地方', '速度', '也', '很快', '正合我意']",速度也很快
32,"['U盘', '收到', '了', '快递', '真', '快', '快递', '小哥', '也好', '东西', '拿来', '我', '就', '下', '上', '歌', '了', '一会', '放', '车上', '试试', 'U盘', '真小真合', '我', '心意', '好评', '下回', '还会', '在', '来', '的']",快递真快 快递小哥也好
33,"['非常', '好用', '插', '好', '之后', '完全', '看不到', '很', '方便', '这个', '是', '第二次', '买', '了', '给', '媳妇', '车子', '里装', '一个', '而且', '物流', '很快', '昨天', '买', '的', '今天', '就', '到', '了']",而且物流很快
34,"['东西', '小巧', '速度', '快', '携带方便', '很', '不错']",速度快
35,"['很', '小巧', '放', '车上', '听歌', '刚刚', '好', '卡住', 'USB', '插口', '不会', '挡住', '其他', '东西', '也', '不用', '担心', '不', '小心', '把', 'USB', '插口', '撞坏', '太', '方便', '了', '下载', '歌曲', '速度', '也', '非常', '的', '快', '试用', '了', '好', '几天', '效果', '很', '好', '发货', '很快']",下载歌曲速度也非常的快 好几天，
36,"['物流', '很快', '东西', '收到', '了', '经检测', '容量', '无虚标', '车上', '用', '很', '好', '不', '占', '地方', '挺', '小巧', '的', '携带方便', '好']",物流很快
37,"['昨天下午', '就', '收到', '了', '应该', '是', '正品', '148G', '容量', '内', '附加', '密', '工具', '很', '小巧', '店家', '发货', '及时', 'ltemgt', '物流', '也', '很快', '全', '5', '分', '好评']",店家发<em>货及时</
38,"['挺', '好', '的', '小巧玲珑', '下歌', '速度', '也', '非常', '快', '就是', '不知', '在', '车上', '放', '咋样', '等', '在', '车上', '听', '过后', '再', '来', '评价']",下歌速度也非常快
39,"['很小', '很', '方便', '携带', '传输速率', '也', '很快', '还', '自带', '加密', '软件', '满意', '服务', '一流']",传输速率也很快
40,"['很', '小巧', '不', '占', '地方', '读取', '速度', '也', '很快', '不错', '的', '宝贝']",读取速度也很快
41,"['u', '盘', '不错', '很', '小巧', '车内用', '起来', '很', '合适', '读写', '速度', '可以', '和', '描述', '差别', '不大', '很', '适合', '车内用', '好评']",读写速度可以
42,"['比', '我', '想象', '的', '还有', '小巧', '精致', '发货', '、', '物流', '及', '产品', '都', '给', '力', '给', '老板', '点赞']",物流及产品都给力
44,"['价格', '实惠', '物流', '快', '东西', '实惠', '好用', '满意']",物流快
45,"['货', '收到', '微型', '优盘', '真心', '不错', '车上', '放歌', '就', '跟', 'CD', '没', '区别', '没', '拍照', '因为', '微型', '哈哈', '老板', '服务', '不错', '有问必答', '物流', '也', '给', '力', '什么', '也', '不', '说', '了', '好评', '说话']",物流也给力
46,"['外观', '小巧', '精美', '车载', '放歌', '速度', '快', '好评']",车载放歌速度快
47,"['非常', '好', '还', '未', '使用', '看上去', '是', '正品', '物流', '给力', '好评']",物流给力
48,"['东西', '很', '好', '速度', '很快', '小巧玲珑', '放', '车里', '很', '合适']",速度很快
49,"['很', '好', '用', 'U盘', '非常', '小巧', '传输速度', '也', '很快', '下次', '再', '光顾']",传输速度也很快
50,"['精致', '质量', '非常', '好', '速度', '快', '物流', '包装', '戒指', '商家', '很', '用心']",速度快
51,"['宝贝', '收到', '小巧玲珑', '内存', '大', '质量', '好', '插', '在', '车内', '不', '占', '空间', '是', '很', '好', '的', 'U盘', '下载', '音乐', '音质', '很', '好', '店家', '服务态度', '好', '物流', '快全', '5', '分']",物流快
52,"['好好', '用', '快递', '也', '很快', '满意']",快递也很快
53,"['U盘', '很小', '很', '喜欢', '车载', '用', '起来', '很', '方便', '物流', '也', '很快']","920-12-0,4;920-11-9,17;920-11-5,8;420-11-18,23;"
54,"['物流', '速度', '快', '精致', '客服', '态度', '也好', '赞']",物流速度快
55,"['很', '好', '值得', '拥有', '包装', '结实', '物流', '迅速']",物流迅速
56,"['就', '不照', '照片', '了', '物流', '相当', '快', '隔天', '就', '到', '了', '自己', '在', '网上', '查', '的', '是', '正品', '一', '开始', '担心', '在', '车上', '会', '不会', '不能', '用', '下载', '好', '歌曲', '后', '在', '车上', '试了试', '一点', '问题', '都', '没有', '绝对', '给', '好评']",物流相当快
57,"['挺', '好', '的', '速度', '挺快', '的', '很', '小巧']",速度挺快的
58,"['物流', '很快', '很', '小巧', '的', '物件', '很', '喜欢']",物流很快
59,"['挺', '好', '的', '比', '实体店', '便宜', '实际', '内存', '148', '物流', '也', '很快', '两天', '就', '到', '了', '值得', '购买', '以后', '就', '在', '这家', '买', '了']",物流也很快
60,"['U盘', '不错', '很', '好', '用', '物流', '很快', '卖家', '服务态度', '也', '很', '好']",物流很快
61,"['体积', '小巧', '很', '方便', '实用', '很', '好', '物流', '很快']",物流很快
62,"['挺不错', '的', '应该', '是', '正品', '传输速度', '还', '可以', '好评']",传输速度还可以
63,"['价格', '实惠', '发货', '快', '货品', '好', '快递', '及时']",发货快 快递及时
64,"['很', '好', '很', '精致', '速度', '快', '很', '满意', 'hellip']",速度快
65,"['宝贝', '收到', '是', '正品', '小巧', '速度', '快', '5', '分', '好评', '不错', '的', '卖家', '发货', '速度', '快']",小巧速度快 评。 不错
66,"['很', '好', '用', '的', '很小', '插', '车上', '不怎么', '显', '挺好用', '快递', '也', '很快', '好评']",快递也很快
67,"['发货', '很快', 'ltemgt', '快递', '也', '给', '力', '的确', '是', '正品', '非常', '满意']",发<em>货很快</
69,"['质量', '很', '好', '态度', '很', '好', '物流', '也', '快', '3']","420-11-10,15;10120-11-5,9;620-11-0,4;"
70,"['U盘', '还', '没用', '看着', '应该', '不错', '强调', '的', '是', '快递', '果然', '够快', '非常', '满意']",果然够快
71,"['不错', '容量', '正常', '速度', '快', '很', '满意']",速度快
72,"['很', '好', '小巧', '实用', '物流', '也', '快', '客服', '服务态度', '好']",物流也快
73,"['很小', '很漂亮', '读写', '速度', '很快', '好评']",读写速度很快
74,"['很', '满意', '小巧', '实用', '快', '递给', '力']","920-11-0,3;420-11-10,14;920-11-4,6;920-11-7,9;"
75,"['宝贝', '很', '好', '物流', '很', '给', '力', '下次', '在', '来', '光顾']",物流很给力
76,"['快递', '够快', '而且', '这个', '确实', '比较', '迷你', '内存', '这边', '电脑', '显示', '记得', '是', '141', '数据', '传输速度', '一般', '其他', '的', '等', '用', '用', '看', '再说']",快递够快
77,"['好', '很', '好', '满意', '物流', '太快', '了']",物流太快了
78,"['物流', '真给力', '6', '号', '下午', '发', '的', '8', '号', '下午', '都', '收到', '了', '比', '我', '买', '其他', '任何', '东西', '都', '快', '我', '给', 'N', '个', '第二次', '在', '这家', '买', '闪迪', '的', '产品', '之前', '买', '的', '高速', 'SD', '卡', '用到', '现在', '还好', '着', '这次', '这个', '希望', '质量', '能', '一如既往', '的', '好', '验证', '的', '时候', '提示', '已经', '验证', '过', '不', '知道', '的', '我', '的', '网', '有点', '卡', '还是', '本身', '的', '验证码', '有', '问题', '见', '晒图']",物流真给力 比我买其他任何东西都快
79,"['宝贝', '存储', '很快', '小巧', '精致']",宝贝存储很快
80,"['宝贝', '非常', '小巧', '插上', '以后', '几乎', '看不出来', '同事', '找', '了', '很', '久', '才', '发现', '传输速度', '很快', '好评']",传输速度很快
81,"['看着', '不错', '哟', '北京', '发出', '也', '很快', '的', '期待', '使用', '效果']",北京发出也很快的
82,"['宝贝', '两天', '都', '收到', '了', '很快', '东西', '挺棒', '是', '正品']",很快
83,"['物流', '很快', '看着', '也', '行', '就是', '不', '知道', '为什么', 'OPPO', '手机', '可以', '插进去', 'vivoX9', '普拉斯', '插', '不', '进去']",物流很快
84,"['u', '盘小到', '没', '朋友', '物流', '很快', '价格', '合适', '好评']",物流很快
85,"['好', '正品', '很快']","420-11-4,6;1020-11-0,3;"
86,"['容量', '足够', '比较', '小巧', '传输速度', '快']","420-11-10,15;920-11-5,9;"
87,"['宝贝', '到', '了', '小巧', '精致', 'hellip', '带', '的', '转接头', '手机', '插上', '就', '可以', '用', '物流', '挺快', '跟', '满意', 'hellip']",物流挺快
88,"['物流', '真给力', '6', '号', '下午', '发', '的', '8', '号', '下午', '都', '收到', '了', '比', '我', '买', '其他', '任何', '东西', '都', '快', '我', '给', 'N', '个', '第二次', '在', '这家', '买', '闪迪', '的', '产品', '之前', '买', '的', '高速', 'SD', '卡', '用到', '现在', '还好', '着', '这次', '这个', '希望', '质量', '能', '一如既往', '的', '好']",物流真给力 比我买其他任何东西都快
89,"['物流', '真求', '慢', '作为', '老客户', '我', '不', '给', '1', '星', '了', '看到', '没']",物流真求慢
90,"['正品', '传速', '很快', '第二次', '购买', '了', '客服', '很漂亮', '哦']",传速很快
91,"['快递', '很快', '打开', '刚看', '了', '内存', '还', '可以', '给', '个', '好评']",快递很快
92,"['朋友', '用', '了', '说', '还', '不错', '快递', '也', '很', '给', '力', '三天', '就', '到', '了']",快递也很给力
93,"['刚用', '速度', '还', '可以', '也', '没', '刮', '防伪', '看着', '还', '可以']",速度还可以
94,"['好好', '存', '的', '很快', '很', '便宜']",存的很快
95,"['很', '好', '是', '正品', '读写', '速度', '快', '体积小', '容量', '有', '14g', '多', '可以', '通过', 'mydisktest', '测试']",读写速度快
96,"['小小的', '一个', '放', '车上', '不', '碍', '地方', '容量', '还', '可', '读取', '歌曲', '很快', '好']",读取歌曲很快
97,"['小巧', '速度', '快车', '上用', '很', '合适']",速度快
98,"['虽然', 'G', '数', '不是', '100', '%', '足', '但', '速度', '还', '可以']","420-11-12,18;"
99,"['宝贝', '收到', '了', '快递', '还', '蛮', '快', '还', '不错', '已经', '在', '用', '了', '好评']",快递还蛮快还不错已经在用了
100,"['除了', '送', '的', '挂绳', '质量', '差一点', '一不小心', '被', '我', '拽', '断', '了', '其他', '都', '还好', '尤其', '是', '物流', '特别', '快']",特别快
101,"['放', '了', '不少', '歌', '然而', '本田', '的', '低配', '连', '收音机', '都', '没有', '装', '了', '导航', '屏', '再说', '吧', '现在', '的', '安卓', '都', '自带', '内存', '好像', '买', '了', '也', '没', '啥', '意义', '传导', '速度', '还是', '很快']",传导速度还是很快
102,"['宝贝', '收到', '了', '物流', '很快', '东西', '好', '小巧', '很', '满意', '值得', '购买']",物流很快
103,"['非常', '满意', '小巧', '宜', '携带', '传速', '很快']","920-11-0,4;420-11-11,15;920-11-5,10;"
104,"['非常', '好', '速度', '快']","420-11-0,6;"
105,"['开始', '还', '不好', '用', '后来', '客服', '给', '帮忙', '解决', '了', '态度', '物流', '都', '很', '好']",态度物流都很好
106,"['148G', '优盘', '非常', '小巧', '快递', '挺快']",快递挺快
107,"['物流', '很', '给', '力', 'u', '盘', '很', '小巧']",物流很给力
108,"['读写', '速度', '快性', '比价', '高', '尺寸', '小巧玲珑', '内存', '量', '正面', '描述']",读写速度快
109,"['很', '好', '用', '快递', '也', '给', '力']",快递也给力
110,"['东西', '很', '好', '反应', '很快', '小到', '极致']",反应很快
111,"['内存卡', '还', '不错', '读写', '速率', '挺快', '的', '而且', '体积', 'mini', '使用', '起来', '很', '方便']",读写速率挺快的
112,"['小巧玲珑', '不', '占', '位置', '快', '递给', '力']",快递给力
113,"['好', '东西', '小巧', '适合', '放', '车里', '反应', '很快']","420-11-12,16;620-11-0,3;920-11-4,11;"
114,"['优盘', '已', '用', '速度', '还', '行', '相机', '卡', '暂时', '未', '开封', '使用', '相信', '也', '不错', '暂时', '先', '好评']",速度还行
115,"['很', '好', '反应', '也', '很快', '很', '满意', '的', '一次', '购物']",反应也很快
116,"['到货', '有些', '慢', '晚定', '的', '货', '比较', '远', '都', '到', '了', '这个', '物流', '性子', '太稳', '了', '末端', '快递', '还是', '很', '好', '的', '质量', '正在', '实践', '检验', '先', '好评', '吧']",这个物流性子太稳了 末端快递还是很好的
117,"['是', '正品', '包装', '精美', '物流', '迅速', '容量', '标准']",物流迅速
118,"['包装', '很', '好', '快递', '也', '快', '就是', '安插', '时', '没大', '的', 'U盘', '方便', '要', '使劲', '推', '否则', '感应', '不了']",快递也快
119,"['很', '喜欢', '的', '一个', '产品', '不错', '嗯', '速度', '也', '挺快', '的', '容量', '也', '没少', '多少']",速度也挺快的
120,"['东西', '不错', '正品', '物流', '也', '可以', '快', '赶上', '顺丰', '了']",物流也可以 快赶上顺丰了
121,"['东西', '已经', '收到', '了', '非常', '小巧', '内存', '实际', '只有', '148G', '传输', '的', '速度', '挺快', '的', '很', '满意']",传输的速度挺快的
122,"['正品', '价格便宜', '传输速度', '快']",传输速度快
123,"['东西', '不错', '小巧玲珑', '价格', '合适', '物流业', '很快']",物流业很快
124,"['东西', '很', '不错', '传输速度', '快', '体积小', '非常', '方便']",传输速度快
125,"['148g', '传输速度', '也', '还', '可以', '迷你型', '好', 'Q']",传输速度也还可以
126,"['体积', '小巧', '拷贝', '速度', '快', '官网', '查询', '是', '赠品', '值得', '推荐']",拷贝速度快
127,"['发热', '比较', '快', '但愿', '不要', '那么', '容易', '就', '坏掉']",发热比较快
128,"['读取', '存', '东西', '都', '很', '速度']","420-11-0,9;"
129,"['很', '好', '用', '读取', '很快', '只是', '好像', '不能', '插', '手机', '用']",读取很快
130,"['内存', '够', '大', '运行', '速度', '快', '但', '因为', '体积小', '运行', '时', '温度', '会高', '一些', '其他', '还', '行']",运行速度快
131,"['不错', '速度', '蛮快', '的', '而且', '插', '到', '车上', '盖子', '完全', '可以', '盖住', '太', '完美', '了']",速度蛮快的
132,"['质量', '很', '不错', '小小', '一颗', '放在', '车上', '听歌', '不', '占', '空间', '不会', '误触', '读取', '速度', '也', '不错']","420-11-25,32;620-11-0,5;"
133,"['物流', '速度', '够快', '东西', '还', '没用', '暂', '不好', '评价']",物流速度够快
134,"['收到', '货用', '了', '一段时间', '拷贝', '速度', '还算快', '感觉', '不错']",拷贝速度还算快
135,"['东西', '不错', '物流', '也', '挺快', '查', '了', '防伪', '是', '正品']",物流也挺快
136,"['没', '毛病', '读写', '速度', '快', '车载', '音响', '可用']",读写速度快
137,"['东西', '不错', '速度', '也', '挺快', '的', '值得', '购买']",速度也挺快的
138,"['小巧', '好用', '读写', '速度', '也', '可以', '用坏', '了', '再', '来', '买']",读写速度也可以
139,"['很', '不错', '反应', '挺快', '好评']",反应挺快
140,"['很', '好', '的', '东西', '啊', '很', '是', '喜欢', '速度', '也', '不错', '的', '哦']","420-11-12,19;620-11-0,6;920-11-7,11;"
141,"['很', '好', '传输', '很快', '喜欢', '的', '朋友', '赶紧', '下手', '了']",很好传输很快
142,"['物流', '挺快', '的', '应该', '是', '正品', '内存', '有', '14', '多', '客服', '人', '也', '很', '好']",物流挺快的
143,"['不错', '速度', '还是', '可以', '的', '晚上', '拷贝', '了', '一些', '歌曲', '进去', '可以', '在', '车上', '听']",不错速度还是可以的
144,"['不错', '不错', '读取', '挺快', '的', '车子', '用', '刚刚', '好']",读取挺快的
145,"['应该', '是', '正品', '传输速度', '挺快', '的']","420-11-6,13;1020-11-0,5;"
146,"['很', '好', '用', '又', '小', '又', '轻便', '传输速度', '挺快', '的']",传输速度挺快的
147,"['好', '迷你', '好', '可爱', '快递', '很', '速度']","920-11-0,3;420-11-8,13;920-11-4,7;"
148,"['小巧', '实用', '物流', '非常', '给力', '第二天', '就', '收到', '了']",物流非常给力
149,"['u', '盘真', '好', '用', '速度', '也', '快', '必须', '赞', '一个']",速度也快
150,"['宝贝', '收到', '试过', '了', '非常', '好用', '反应速度', '比较', '快']",反应速度比较快
151,"['蛮', '小巧', '的', '传输速度', '也', '蛮', '快', '就是', '快递', '有点', '慢', '一个', '地方', '呆', '两天']",传输速度也蛮快
152,"['第二次', '买', '了', '比较', '小巧', '速度', '也', '挺快', '的', '价格', '也', '很', '公道', '了', '值得', '购买']",速度也挺快的
153,"['东西', '很', '好', '速度', '很快', '就', '是从', '电脑', '上用', '完', '很', '热']",速度很快
154,"['挺好用', '的', '数据线', '充电', '也', '快']","920-11-0,4;420-11-5,12;"
155,"['与', '描述', '相符', '物流', '很快', '宝贝', '很', '小巧']",物流很快
156,"['好用', '自带', '加密', '文件', '就', '不怎么', '评价', '了', '服务', '物流', '都', '满分']",服务物流都满分
157,"['读写', '速度', '还', '可以', '在', '4', '-', '10', '兆', '之间']",读写速度还可以
158,"['非常', '好', '可算', '得', '上', '神速', '了', '夕', '拍', '朝', '至', '100', '个赞']",可算得上神速了
159,"['U盘', '小巧', '读取', '速度', '快放', '车里', '用', '很', '合适']",读取速度快
160,"['非常', '好用', '最快', '速度', '30m']","920-11-0,4;420-12-7,14;420-11-7,14;"
161,"['物流', '超快', '收到', '货', '立刻', '下载', '音乐', '很棒']",物流超快
162,"['挺', '好', '的', '能装', '1200', '首歌', '左右', '而且', '传送速度', '非常', '快']",而且传送速度非常快
163,"['质量', '用', '段时间', '才', '晓得', '识别', '快', '应该', '是', '正品']",识别快
164,"['发货', '和', '快递', '非常', '快', '优盘', '试', '了', '一下', '传输速度', '很快', '在', '车里', '听歌', '切歌', '时', '没有', '卡顿', '很棒']",发货和快递非常快</em<em>>，优盘试了
165,"['还', '可以', '应该', '是', '正品', '吧', '物流', '也', '很快']","920-11-0,3;420-11-11,16;1020-11-4,10;"
166,"['还', '没用', '物流', '快', '包装', '好', '看着', '还好']",物流快
167,"['正品', '物流', '也', '很', '给', '力']","420-11-3,9;1020-11-0,2;"
168,"['正品', '速度', '快', '好评']",速度快
169,"['非常', '不错', '发货', '到货', '速度', '都', '很快']","920-11-0,4;10420-11-5,14;420-11-5,14;"
170,"['物流', '快', '东西', '很', '小巧', '很', '满意', '拿到', '就', '下载', '了', '歌曲']",物流快
171,"['可以', '速度', '挺快', '的', '用', '着', '也', '还', '不错', '习惯', '好评']",速度挺快的
172,"['感谢', '店主', '这么', '不厌其烦', '的', '解释', '快递', '非常', '快']","420-11-14,19;10120-12-0,13;"
173,"['下载', '起来', '超级', '快']","420-11-0,7;"
174,"['好用', '速度', '快', '内存', '足', '没什么', '可说', '的']",速度快
175,"['服务', '好', '专门', '打电话', '问', '我发', '什么', '快递', '里面', '只有', '一个', 'u', '盘', '一个', '盖子', '没有', '绳子', '快递', '挺快', '隔天', '到']",快递挺快
176,"['小巧', '速度', '很快', '运行', '稳定']",小巧速度很快
177,"['好用', '速度', '要', '再', '快点', '就', '好', '了']",速度要再快点就好了
178,"['东西', '还', '没用', '应该', '不错', '物流', '很快', '全', '好评']",物流很快
179,"['好', '不错', '很快']","920-11-0,1;920-11-2,4;420-11-5,7;"
180,"['物流', '挺快', '内存', '148G', '还算', '可以', '吧']",物流挺快
181,"['不错', '148G', '传输', '速读', '很快']",传输速读很快
182,"['东西', '很', '好', '、', '物流', '也', '很快', '、', '卖家', '服务态度', '也', '不错']",物流也很快
183,"['还', '没用', '物流', '挺快', '先', '好评', '吧']",物流挺快
184,"['好', '小巧', '下载速度', '挺快', '的']","920-11-0,3;420-11-4,11;"
185,"['正品', '读取', '写入', '速度', '很快']",读取写入速度很快
186,"['已经', '用', '上', '了', '挺', '好', '的', '物流', '挺快', '的', '下载速度', '挺', '高', '的']",物流挺快的
187,"['发货', '送货', '比较', '快', '就是', '优盘', '拷贝', '速度', '比较慢']",发货送货比较快
188,"['不好', '速度', '很快', '不', '发热', '、']",速度很快
189,"['个人', '感觉良好', '物流', '超快', '～']",物流超快
190,"['实用', '14', '多', 'G', '物流', '也', '很快']","420-11-0,11;"
191,"['快', '递给', '力', '车上', '用', '的', '不错']","420-11-0,10;"
192,"['好用', '读取', '速度', '超快']","920-11-0,2;420-11-3,9;"
193,"['不错', '速度', '还', '行', '主要', '是', '插', '车上', '不', '占', '位子']",速度还行
194,"['可以', '速度', '蛮快']","920-11-0,2;420-11-3,7;"
195,"['物流', '蛮快', '的', '服务', '非常', '可以', '服务', '一百']",物流蛮快的
196,"['快', '递给', '力', '东西', '是', '正品']",快递给力
197,"['还', '可以', '速度', '挺快', '的']",速度挺快的
198,"['已经', '开始', '使用', '了', '很', '方便', '传输速度', '也', '很快', '满意']",传输速度也很快
199,"['内存卡', '的', '体积', '很小', '读取', '速度', '也', '很快']",读取速度也很快
200,"['快递', '送', '的', '很快', '服务', '非常', '满意']","820-11-0,12;420-11-0,12;"
201,"['产品', '收到', '速度', '挺快', '的', '好评', '好用']",速度挺快的
202,"['东西', '很', '好', '小巧', '便携', '快递', '也', '很', '给', '力']","420-11-10,16;620-11-0,4;920-11-5,9;"
203,"['可以', 'helliphellip', '读写', '速度', '不错']","920-11-0,2;420-11-4,10;"
204,"['好用', '着', '不错', '下载速度', '也', '不错']",下载速度也不错
205,"['物流', '速度', '快', '还', '没用', '用', '了', '追加', '评论']",物流速度快
206,"['物流', '速度', '很快']",物流速度很快
207,"['很快', '很小', '还', '不错']",很快
208,"['很', '好', '用', '读取', '很快']","920-11-0,3;420-11-4,8;"
209,"['试了试', '传输速度', '挺快', '的', '够', '小巧']",传输速度挺快的
210,"['很', '速度', '赞']",很速度
211,"['都', '挺', '好', '速度', '也', '很快', '物流', '也', '很', '速度']",速度也很快
212,"['物流', '快', '小', 'U盘', '比', '想象', '的', '还', '小', '适合', '女生', '用']",物流快
213,"['不错', '的', '一次', '购物', '物流', '很快']",物流很快
214,"['很', '好', '打开', '挺快', '还会', '再', '来']",打开挺快
215,"['不错', '容量', '足够', '速度', '也', '还行', '关键', '是', '体积小', '放', '车上', '特别', '方便']",速度也还行
216,"['速度', '挺快', '的', '插', '车上', '用', '的']",速度挺快的
217,"['挺', '好', '正品', '物流', '很快']","920-11-0,2;420-11-6,10;1020-11-3,5;"
218,"['物流', '够快', '的', 'u', '盘', '很', '喜欢']",物流够快的
219,"['用到', '现在', '没', '出现', '任何', '问题', '物流', '非常', '快', '好评']",物流非常快
220,"['可以', '速度', '也', '快']","920-11-0,2;420-11-3,7;"
221,"['正品', '速度', '可以']",速度可以
222,"['很', '好', '很', '好', '发货', '物流', '都', '很快']","920-11-0,2;920-11-3,5;10420-11-6,13;420-11-6,13;"
223,"['速度', '很快', '小小', '可爱', '关键', '是', '还', '能', '发光']",速度很快
224,"['不错', '挺快', '滴']","920-11-0,2;420-11-3,6;"
225,"['还', '可以', '物流', '也', '挺快']",物流也挺快
226,"['速度', '很快', '不错']",速度很快
227,"['不错', '速度', '很快']","920-11-0,2;420-11-3,7;"
228,"['物流', '很快', '速度', '也', '快']",物流很快
229,"['东西', '不错', '快', '递给', '力']",快递给力
230,"['不错', '物流', '还', '蛮', '快', '的']","920-11-0,2;420-11-3,9;"
231,"['不错', '速度', '不错']","920-11-0,2;420-11-3,7;"
232,"['买', '的', '第二个', '了', '第一个', '可能', '因为', '太小', '实在', '找', '不到', '了', '读写', '速度', '还', '可以']","420-11-23,30;"
233,"['宝贝', '很', '好', '物流', '给力']","620-11-0,4;420-11-5,9;"
234,"['物流', '快', '很', '小巧', '的', '东西', '就是', '包装', '不好', '应该', '弄个', '盒子', '他', '是', '装', '在', '信件', '里', '的', '觉得', '容易', '毁坏']",物流快
235,"['还', '没用', '体积小', '物流', '快']","920-12-4,7;420-11-8,11;"
236,"['很', '好', '物流', '很快', '点个', '赞']",物流很快
237,"['很', '好', '很', '紧张', '快递', '也', '很', '好']","920-11-0,2;920-11-3,6;420-11-7,12;"
238,"['物流', '很快', '上次', '买', '的', '一个', '惠普', '的', '用', '了', '几个', '月', '坏', '了', '也', '不值', '当换', '了', '但愿', '这次', '用', '的', '时间', '长点']",物流很快
239,"['很', '好', '读取', '快']","920-11-0,2;420-11-3,6;"
240,"['质量', '非常', '好', '快递', '也', '很', '给', '力', '自己', '买', '了', '一个', '用', '着', '好', '这个', '给', '同事', '买', '的']",快递也很给力
241,"['已经', '第二次', '买', '啦', '正', '品行', '货物', '流给力', '五星', '送上']",物流给力
242,"['我', '就', '相信', 'SanDisk', '的', '品牌', '同等', '价位', '的', '速度', '最快']",速度最快
243,"['挺', '好', '的', '物流', '也', '快', '感觉', '666']",物流也快
244,"['挺', '好', '的', '送货', '神速']","920-11-0,3;420-11-4,8;"
245,"['体积', '很小', '用于', '安装', '系统', '速度', '能', '满足要求']",速度能满足要求
246,"['好棒', '物流', '很快', '服务', '好']",物流很快
247,"['确实', '不错', '物流', '也', '快']","920-11-0,4;420-11-5,9;"
248,"['很', '好', '物流', '很快', '赞']",物流很快
249,"['可以', '物流', '很快']","920-11-0,2;420-11-3,7;"
250,"['好', '东西', '物流', '很快']","620-11-0,3;420-11-4,8;"
251,"['物流', '快', '发货', '快', '东西', '小', '插', '到', '插孔', '几乎', '看不到', '符合', '预测', '之中']",物流快 发货快
252,"['挺', '好', '的', '物流', '真', '快']","920-11-0,3;420-11-4,8;"
253,"['质量', '好', '邮递', '快', '满意']",邮递快
254,"['物流', '很快', '挺', '好', '的', '试用', '中']",物流很快
255,"['还', '不错', '小巧', '速度', '也', '快', '使用', '后', '追评']",速度也快
256,"['用', '在', '设备', '上', '读出来', '很快']","420-11-6,11;"
257,"['车载', 'U盘', '质量', '不错', '物流', '给力', '好评']",物流给力
258,"['经检测', '非', '扩容', '盘', '读写', '速度', '满意', '值得', '信赖', '好评']",读写速度满意
259,"['挺快', '的', '就', '这点', '我', '给', '好评']",挺快的
260,"['挺快', '的', '第二天', '就', '带', '了']",挺快的
261,"['快递', '速度', '快', '正品']",快递速度快
262,"['非常', '小', '非常', '满意', '拷贝', '速度', '也', '可以', '不错', '不错']",拷贝速度也可以
263,"['不错', '速度', '可以', '不', '慢']",不错速度可以
264,"['好评', '老公', '说', '读取', '速度', '挺快']",老公说读取速度挺快
265,"['还', '行', '物流', '比较', '快']",物流比较快
266,"['挺', '好', '的', '传输速度', '这', '挺', '好', '内存', '也', '是', '够', '的']",传输速度这挺好
267,"['非常', '完美', '快递', '很快']",快递很快
268,"['很', '开心', '的', '一次', '购物', '商家', '给力', '默认', '的', '物流', '也', '给', '力']","420-11-14,22;920-11-0,8;10120-11-9,13;"
269,"['很', '好', '车上', '载入', '很快']",车上载入很快
270,"['快递', '好', '给', '力', '的']",快递好给力的
271,"['小巧', '好用', '物流', '也', '给', '力']",物流也给力
272,"['物流', '迅速', '东西', '很', '好']",物流迅速
273,"['物流', '很快', '东西', '不错']",物流很快
274,"['不错', '速度', '也', '很快']",速度也很快
275,"['读写', '速度', '很快', '不错']",读写速度很快
276,"['很', '好', '写入', '速度', '也', '快']","920-11-0,2;420-11-3,9;"
277,"['宝贝', '收到', '了', '物流', '很快']","620-12-0,5;420-11-6,10;"
278,"['宝贝', '收到', '物流', '很快']","620-12-0,4;420-11-5,9;"
279,"['很', '满意', '物流', '快']","920-11-0,3;420-11-4,7;"
280,['rateContent'],position
281,"['宝贝', '很', '不错', '小巧', '是', '正品', '插', '在', '车上', '不', '影响', '美观', '值得', '入手', '只是', '出现', '过', '一次', '不', '识别', '的', '问题', '重新', '插入', '并', '再次', '发动', '汽车', '后', '又', '正常', '了']",宝贝很不错
282,"['宝贝', '很漂亮', '质量', '好', '做工', '精细', '快递', '跟', '给', '力', '卖家', '态度', '很', '好', '价格合理', '经济', '实惠', '外观', '很漂亮', '如果', '有', '需要', '还会', '在', '来', '的', '5', '份', '好评', '是', '应该', '的', '用', '着', '方便', '价格便宜', '实用性', '强', '卖家', '发货', '及时', '物流', '快', '老板', '服务', '好', '产品', '性价比', '高', '功能强大', '价格', '实惠', '老板', '还有', '优惠', '真心', '的', '感谢', '都', '可以', '充值', '以后', '有', '需要', '还会', '光顾', '的', '5', '分', '好评', '谢谢', '老板']",宝贝<em>很漂亮
283,"['质量', '不错', '内存', '很大', '这个', '价位', '挺', '合算', '的', '发货', '很快', '祝', '卖家', '生意兴隆']",质量不错
284,"['东西', '挺', '好', '读写', '比', '其余', '品牌', '快', '两倍', '一看', '就是', '正品', '包装', '无疑', '价格便宜', '性价比', '很', '高', '品牌', '的', '东西', '就是', '好用', '确实', '是', '正品', '比', '京东', '便宜', '好几块', '产品', '性价比', '高']",东西挺好 便宜，性价比很高，
285,"['这款', 'u', '盘', '款式', '新颖', '个头', '小巧玲珑', '非常适合', '放在', '车里', '品牌', '的', '东西', '就是', '好用', '值得', '购买', '卖家', '发货', '速度', '很快', '客服', '态度', '非常', '好祝', '卖家', '生意兴隆']",品牌的东西就是好用
286,"['东西', '还', '不错', '很', '小巧', '内存', '大概', '14g', '我', '给', '满意度', '差', '因为', '快递', '实在', '实在', '太慢', '了', '将近', '一个', '礼拜', '才', '到', '简直', '了']",东西还不错
287,"['好用', '便宜', '小巧玲珑', '车载', '刚刚', '好', '看不出来', '很', '好', '的', '东西']",很好的东西
288,"['很', '好', '的', '宝贝', '小巧玲珑', '货真价实', '非常', '好用']",很好的宝贝
289,"['宝贝', '己', '收到', '东西', '挺', '好', '货真价实', '性价比', '很', '高', '袖珍', '好用', '五星', '好评']",东西挺好
290,"['发货', '速度', '很快', '质量', '很', '好', '没', '问题', '不许', '标是', '正品', '下次', '需要', '还会', '再', '来']",质量很好没问题
291,"['买来', '送给', '朋友', '应该', '质量', '还', '可以', '很', '小巧', '方便', '携带']",买来送给朋友应该质量还可以
292,"['包装', '很', '好', '送货', '速度', '也', '快', '打开', '一看', '商品', '外表', '也', '精致', '检测', '实际', '容量', '148G', '很', '满意']",商品外表也精致
293,"['宝贝', '很棒', '下载', '好', '歌曲', '插', '到', '车上', '就', '可以', '识别', '很', '小巧', '方便', '内存', '也', '足', '真的', '不错']",宝贝很棒
294,"['货', '收到', '了', '发货', '非常', '快', '快递', '也', '非常', '快', '东西', '挺', '好', '包装', '挺', '精致', '验', '了', '一下', '确实', '是', '正品', '值得', '购买']",东西挺好
295,"['这', '几天', '比较忙', '都', '忘记', '评价', '了', '物流', '速度', '快', '质量', '也', '不错', '呢', '小小的', '不', '占', '地方', '这下', '可以', '把', '重要', '的', '东西', '备份', '了']",质量也不错呢 小小的，不占地方。这下可以
296,"['不好意思', '确认', '晚', '了', '东西', '小巧', '方便', '老公', '非常', '喜欢', '好评']",东西小巧方便
297,"['东西', '不错', '按', '宝马车', '里', '放歌', '效果', '很', '好', '支付', '通', '东三省', '总代', '13066643335']",东西不错按宝马车里放歌效果很好
298,"['发货', '快', '而且', '态度', '也', '特别', '的', '好', '宝贝', '非常', '的', '精致', 'ltemgt', '质量', '很', '好物', '超过', '所值']",宝贝非常<em>的精致<
299,"['东西', '很', '小巧', '已经', '用', '在', '车上', '了', '效果', '很', '好', '给', '个', '赞']",东西很小巧 效果很好
300,"['以前', '买过', '质量', '很', '好', '价格便宜', '省', '空间', '放', '车上', '正好', '好评']",质量很好
301,"['U盘', '已', '收到', '实际', '容量', '148G', '系', '正常', '范围', 'U盘', '包装', '很', '好', '质量', '不错', '物流', '服务', '很', '好', '谢谢', '快递', '师傅', '物流', '服务', '很', '好', '谢谢', '快递', '师傅']",质量不错
302,"['东西', '收到', '不过', '北京', '到', '广东', '快递', '五天', '才', '收到', '宝贝', '很', '小巧', '真的', '很', '小巧', '做', '车载', 'U盘', '不错', '下', '了', '一', '下午', '的', 'MP', '了', '有点', '发热']",宝贝很小巧
303,"['质量', '可以', '容量', '比', '在', '电脑城', '买到', '的', '大', '很', '满意', '要是', '用', '的', '有', '问题', '我会', '追评', '的', '还有', '包装', '很', '好', '可以', '肯定', '是', '正平']",质量可以
304,"['不好意思', '店家', '前两天', '有点', '忙', '所以', '评价', '晚', '了', '宝贝', '真的', '很', '好', '和', '店家', '描述', '的', '一样', '我', '很', '喜欢', '下次', '再', '来', '好评']",宝贝真的很好
305,"['确实', '很小', '质量', '也', '不错', '好用', '符合', '预期']",质量也不错
306,"['很', '好', '价格便宜', '小巧', '质量', '也', '不错', '值得', '买', '以后', '携带方便', '了']",质量也不错
307,"['行货', '正品', '小巧', '放在', '车上', '不', '占', '地方', '质量', '非产好', '服务周到']",质量非产好
309,"['第二次', '购买', '质量', '很', '好', '读卡', '的', '速度', '也', '相当', '的', '快', '小巧玲珑', '很', '适合', '各种', '场合', '用', '以后', '继续', '光临', '此店']",质量很好
310,"['很', '袖珍', '的', '一款', 'U盘', '装', '到', '车上', '很', '合适', '质量', '很', '好', '和', '实体店', '的', '没有', '肉眼', '区别', '好评', '发货', '速度', '很快']",质量很好
311,"['好', '东西', '小小的', '不', '占', '地方', '速度', '也', '很快', '正合我意']",好东西
312,"['宝贝', '不错', 'ltemgt', '质量', '很', '好', '价廉物美', '很', '愉快', '的', '一次', '购物', '如果', '需要', '下次', '还会', '购买']",宝<em>贝不错<
313,"['东西', '小巧', '速度', '快', '携带方便', '很', '不错']",东西小巧
314,"['宝贝', '不错', '小巧', '精灵', '用', '着', '也', '方便']",宝贝不错小巧精灵
315,"['很', '小巧', '放', '车上', '听歌', '刚刚', '好', '卡住', 'USB', '插口', '不会', '挡住', '其他', '东西', '也', '不用', '担心', '不', '小心', '把', 'USB', '插口', '撞坏', '太', '方便', '了', '下载', '歌曲', '速度', '也', '非常', '的', '快', '试用', '了', '好', '几天', '效果', '很', '好', '发货', '很快']",效果很好
316,"['好', '东西', '正品', '量足', '微型', '方便', '全', '五分']",好东西
317,"['很', '小巧', '不', '占', '地方', '读取', '速度', '也', '很快', '不错', '的', '宝贝']",不错的宝贝
318,"['宝贝', '不错', '很', '小巧', '插上', '一', '一点', '也', '不', '碍事', '很', '满意', '好评']",宝贝不错
321,"['东东', '很', '好', '容量', '大', '已经', '使用', '很', '久', '评价', '晚', '了', '给', '赞快', '而', '周到']",东东很好
322,"['宝贝', '质量', '不错', '好用', '小巧玲珑', '很', '精致', '好评']",宝贝质量不错
323,"['东西', '不错', '很', '小巧', '是', '我', '想要', '的']",东西不错
324,"['东西', '很', '好', '速度', '很快', '小巧玲珑', '放', '车里', '很', '合适']",东西很好
325,"['宝贝', '不错', '包装', '正品', '运行', '稳定', '小巧', '精致']",宝贝不错
326,"['很', '好', '很', '实惠', '质量', '也', '不错', '的', '推荐', '大家', '购买']",质量也不错的
327,"['质量', '好', '内存', '大', '正品', '信得过']",质量好
328,"['闪迪', '的', '优盘', '质量', '还是', '很', '好', '的', '小巧', '方便', '携带']",质量还是很好的
329,"['宝贝', '真的', '不错', '内存', '大', '体积小', '不', '占', '空间', '真的', '是', '值得', '购买', '的', '好', '宝贝', '哦', '客服', '态度', '也', '没', '的', '说', '大家', '放心', '购买', '吧']",宝贝真的不错
330,"['东西', '不错', '比', '想象', '中', '的', '要', '好', '建议', '保护', '壳', '上', '也', '带', '一个', '挂绳', '的', '地方', '总得来说', '物超所值', '值得', '推荐']",东西不错比想象中的要好
331,"['发货', '快快', '质量', '很', '好', '收到', '快递', '马上', '试用', '了', '比', '想象', '中', '好多', '了']",质量很好
332,"['宝贝', '好', '没话说', '是', '正品', '尤其', '客服', '态度', '好', '的', '没话说', '比', '某家强', '多', '了', '表里不一', '糊弄', '消费者', '以后', '买', '优盘', '就', '这家', '了']",宝贝好
333,"['这', '是', '我', '第一次', '买', '到', '这么', '如意', '的', '东西', '而且', '价钱', '又', '合理', '在', '东京', '买要', '50', '多', '呢', '以后', '还会', '光顾', '的', '因为', 'u', '盘', '已经', '插', '到', '车上', '了', '就', '不', '发图', '了', '各位', '想', '买', '的', '就', '放心', '买', '吧']",这是我第一次买到这么如意的东西
334,"['宝贝', '不错', '是', '正品', '发货', '速度', '也', '很快', '还会来', '买', '服务到位']",宝贝不错是正品
335,"['商品', '不错', '很', '好', '赞', '一个', '有', '需要', '再', '来']",商品不错
336,"['质量', '不错', '支持', '服务', '很', '好', '支持']",质量不错支持
337,"['宝贝', '不错', '小巧', '方便', '16g', '实载', '148g', '真心', '的', '喜欢', 'helliphellip']",宝贝不错
338,"['东东', '不错', '因为', '小巧', '所以', '可爱', '内存', '够用', '好评']",东东不错
339,"['东东', '不错', '录入', '速度', '非常', '不错', '好评', '店家', '发货', '也', '十分', '快']",东东不错
340,"['很小', '很', '精致', '质量', '不错', '很', '适合', '车载', '正品', '点个', '赞']",质量不错
341,"['物流', '超级', '快', '东西', '很', '好', '小巧', '可爱']",东西很好
342,"['东西', '真心', '不错', '小巧玲珑', '物流', '给力', '包装', '很', '好', '商家', '不错', '给', '满分']",东西真心不错
343,"['东西', '挺', '好', '挺不错', '的', '很', '小巧', '但是', '容易', '发热']",东西挺好
344,"['东西', '非常', '好', '发货', '快', '就是', '快递', '速度', '垃圾', '中通', '快递', '我要', '有', '战斧', '直接', '把', '中通', '快递', '总部', '给', '搞掉', '希望', '店家', '考虑', '把', '的', '快递', '就', '这', '快递', '速度', '直接', '影响', '第二次', '来店', '从来不', '差评', '给', '你', '5', '分']",东西非常好
345,"['宝贝', '很', '好', '很', '小巧', '好用']",宝贝很好
346,"['忘', '了', '才', '来', '确认', '收货', '东西', '很', '好', '小巧', '方便', '好用', '很', '喜欢']",东西很好
347,"['东西', '很', '好', '老板', '是', '大美女', '全', '五分', '很', '好', '全', '五分']",东西很好
348,"['物流', '太快', '啦', '昨天下午', '拍', '的', '今天', '就', '到货', '啦', '产品', '也', '给力', '超赞', '好评']",产品也给力
349,"['宝贝', '很', '好', '物美价廉', '五分', '好评']",宝贝很好
350,"['精致', '质量', '非常', '好', '速度', '快', '物流', '包装', '戒指', '商家', '很', '用心']",质量非常好
351,"['东西', '不错', '装车', '上', '正好', '特别', '小', '特别', '隐蔽']",东西不错
352,"['宝贝', '收到', '小巧玲珑', '内存', '大', '质量', '好', '插', '在', '车内', '不', '占', '空间', '是', '很', '好', '的', 'U盘', '下载', '音乐', '音质', '很', '好', '店家', '服务态度', '好', '物流', '快全', '5', '分']",质量好
353,"['宝贝', '很漂亮', '也', '很', '小巧', 'ok']",宝贝很漂亮
354,"['东西', '收到', '小巧', '方便', '实用', '以后', '还会', '光顾']",东西收到小巧方便
355,"['宝贝', '挺不错', '的', '喜欢']",宝贝挺不错的
356,"['东西', '挺棒', '小巧', '不', '占地', '实际', '内存', '跟', '商家', '说', '的', '一致', '很', '好', '值得', '推荐', '本人', '挺', '懒', '所以', '没图', '有空', '补图', '吧']",东西挺棒
357,"['宝贝', '很', '精致', '容量', '大', '就是', '我', '想要', '的', '物有所值']",宝贝很精致
358,"['东西', '不错', '全新', '没有', '问题']",东西不错
359,"['东西', '非常', '好', '小巧', '手感', '好', '在', '车上', '听歌', '非常', '好']",东西非常好
360,"['价格', '实惠', '发货', '快', '货品', '好', '快递', '及时']",货品好
361,"['宝贝', '很', '喜欢', '特别', '小巧', '发货', '速度', '特别', '快', '必须', '好评']",宝贝很喜欢
362,"['大厂', '大', '品牌', '质量', '不错', '售后', '尤其', '好']",质量不错
364,"['质量', '很', '好', '态度', '很', '好', '物流', '也', '快', '3']",质量很好
365,"['收到', '货', '拆开', '第一眼', '就', '看着', '高大', '上', '包装', '很', '精致', '品牌', '就是', '品牌', '上', '电脑', '试了试', 'U盘', '质量', '很', '好', '又', '小', '又', '精致', '非常', '喜欢']",U盘质量很好
366,"['刚花', '369', '买', '完', '就', '降价', '一块钱', '东西', '应该', '可以', '看样子', '是', '不错', '还', '没有', '用用', '过', '了', '回来', '追评']",东西应该可以
367,"['东西', '不错', '内部', '存储', '达到', '1489', '好用', '就是', '快递', '有点', '差', '东西', '端午节', '到', '的', '刚好', '放假', '快递', '小哥', '直接', '从', '公司', '门缝', '里', '塞进去']",东西不错
368,"['宝贝', '很', '好', '物流', '很', '给', '力', '下次', '在', '来', '光顾']",宝贝很好
369,"['东西', '可以', '就是', '你', '这', '包装', '也', '太', '随意', '了', '吧', '就', '一个', '牛皮纸', '信封', '就', '给', '我', '打包', '了', '还', '没', '封口']",东西可以
370,"['东西', '不错', '小小的', '很', '精致', '内存', '也', '够', '质量', '不错', '就是', '这', '物流', '不', '咋', '地', '本来', '都', '到', '了', '结果', '又', '发走', '了', '转', '一圈', '又', '回来', '了']",东西不错 质量不错
371,"['U盘', '收到', '挺', '小', '的', '只是', '背面', '好丑', '另外', '给', '的', '系绳', '在', '孔内', '塞', '不', '进去', '好心', '塞', '其余', '都', '可以', '毕竟', '是', '正牌', '产品质量', '没', '问题']",质量没问题
372,"['宝贝', '非常', '小巧', '插上', '以后', '几乎', '看不出来', '同事', '找', '了', '很', '久', '才', '发现', '传输速度', '很快', '好评']",宝贝非常小巧
373,"['u', '盘', '都', '收到', '了', '618', '的', '发货', '速度', '还是', '很快', '的', '东西', '都', '不错', '就是', '一个', '挂绳', '是', '坏', '的', '完全', '不能', '用']",东西都不错
374,"['东西', '还行', '没', '买好', '接口', '跟', '车上', '的', '对不上', '想', '退货', '竟然', '要', '15', '%', '的', '包装费', '一个纸', '壳', '包装', '要', '这么', '贵', '那', '不是', '坑人', '么', '懒得', '退', '了', '买个', '东西', '40', '块', '退货', '算上', '邮费', '要', '20', '块', '坑', '而且', '物流', '超级', '超级', '超级', '慢']",东西还行
375,"['东西', '很', '好', '帮', '同事', '买', '的', '他', '很', '喜欢', '这么久', '都', '忙', '没', '来得及', '评价', '对不起', '啊']",东西很好
376,"['东西', '好用', '挺', '小', '的', '149g', '郁闷', '的', '是', '把', '默认', '地址', '改成', '了', '农村', '物流', '要', '自取', '郁闷', '了']",东西好用
377,"['宝贝', '两天', '都', '收到', '了', '很快', '东西', '挺棒', '是', '正品']",东西挺棒
378,"['一直', '信赖', '闪迪', '的', '品质', '和', '服务', 'U盘', '手机', 'T', '卡', '都', '是', '用', '的', '闪迪', '质量', '没', '的', '说', '服务', '更是', '一流', '我', '的', '手机', '存储卡', '坏', '了', '申请', '维修', '立马', '处理', '免费', '换', '新', '想想', '都', '感动', '现在', '买', 'U盘', '给', '老婆', '用', '的', '希望', '质量', '也', '一如既往', '的', '好', '推荐']",质量没的说
379,"['特别', '小巧', '的', '东西', '聚', '划算', '买', '的', '内存', '足够', '用', '之后', '继续', '追加', '的']",特别小巧的东西
380,"['宝贝', '收到', '啦', '质量', '挺', '好', '的', '一直', '信赖', '闪迪', '的', '美中不足', '家里', '的', '设备', '可能', '不', '支持', '大容量', '的', '希望', '各位朋友', '们', '买', '适合', '自己', '大小', '的', '啊']",质量挺好的
381,"['东西', '不错', '真的', '很小', '很小', '不错', '放', '车里', '很棒']",东西不错
382,"['宝贝', '外观', '精致', '、', '迷你', '内容', '148G', '应该', '是', '正品', '吧', '就是', '传输速度', '有点', '慢']",宝贝外观精致
383,"['闪迪', '的', '东西', '买', '几回', '了', '质量', '好', '价格', '适中', '店家', '还', '送', '读卡器']",质量好
384,"['宝贝', '确实', '不错', '五分', '好评']",宝贝确实不错
385,"['质量', '做工', '不错', '传输速度', '慢些', '毕竟', '20', '接口']",质量做工不错
386,"['宝贝', '看着', '不错', '还', '没用']",宝贝看着不错
387,"['正品', 'u', '盘', '外观', '小巧', '就是', '盖子', '有点', '松送', '了', '条线', '刚刚', '好', '宝贝', '很', '好', '就是', '快递', '有点', '慢']",宝贝很好
388,"['质量', '可以', '够', '小', '的', '外观', '汽车', '好用', '、', '就是', '读写', '数据', '有点', '慢才', '5M', '左右', '总的来说', '性价比', '高']",质量可以
389,"['东东', '很', '小巧', '做工', '很', '精细', '就是', '不', '知道', '为什么', '内置', '了', '一个', '软件', '而且', '360', '提示', '是', '病毒', '不', '知道', '是不是', '密码锁', '也', '不', '知道', '怎么', '用', '密码锁']",东东很小巧
390,"['感觉', '应该', '是', '很', '好', '的', '东西', '结果', '最后', '给', '我', '说', '弄', '丢', '了', '不过', '肯定', '也', '不是故意', '的', '所以', '也', '不', '计较', '了', '赔', '我', '原价', '就行了', '我', '损失', '的', '只是', '多', '等', '哈', '时间']",感觉应该是很好的东西
391,"['给', '车上', '买', '的', '迷你', 'U盘', '是', '自己', '想要', '的', '东西', '东西', '挺', '好', '包装', '挺', '精致']",东西挺好
392,"['宝贝', '非常', '好', '谢谢']","620-11-0,7;"
393,"['包装', '好', '宝贝', '外观设计', '精巧', '还', '没有', '使用', '用后', '看', '质量', '如何']",宝贝外观设计精巧
394,"['宝贝', '不错', '的', '播放歌曲', '很', '流畅']",宝贝不错的
395,"['客服', '人', '不错', '有', '耐心', '东西', '也', '不错']","620-11-10,15;10120-11-0,5;920-11-6,9;"
396,"['上个月', '买', '了', '一个', '用', '在', '车载', '播放器', '上', '可能', '是', '播放器', '的', '问题', '把', 'U盘', '损坏', '了', '所以', '又', '买', '了', '一个', '宝贝', '蛮', '好', '的', '就是', '插进去', '时比', '一般', '的', '要紧', '一点', '可能', '是', '想要', '有', '一个', '稳定', '的', '接触面', '的', '关系']",宝贝蛮好的
397,"['宝贝', '收到', '已用', '了', '三天', '内存卡', '和', 'u', '盘', '都', '显示', '148G', '回来', '就', '用', '上', '了', '还', '可以', '唯一', '不足', '的', '就是', '客服', '给', '人', '的', '感觉', '不太好', '不过', '不', '重要', '东西', '能用', '住', '就', '可以', '了']",东西能用住就可以了
398,"['物流', '其实', '挺慢', '的', '看', '在', '东西', '满意', '的', '份', '上够', '小够', '精致', '放', '车里', '好看']",看在东西满意的份上
399,"['价格', '实惠', '东西', '不错', '很', '好', '的', '一次', '购物']",东西不错
400,"['东西', '收到', '了', '不错', '小巧', '精致', '就是', '快递', '太慢']",东西收到了不错
401,"['感觉', '用', '起来', '还', '行', '东西', '挺', '小', '的', '车上', '用', '合适']","920-11-0,7;620-11-8,18;"
402,"['不得不', '说好', '东西', '质量', '就是', '好赞', '一个']",不得不说好东西质量就是好
403,"['东西', '不错', '收到', '还', '没用', '还', '送', '了', '条', '苹果', '手机', '数据线', '要是', '安卓线', '就', '好', '了', '苹果', '的', '用', '不到']",东西不错
404,"['宝贝', '收到', '了', '用', '上', '了', '效果', '挺', '好', '容量', '也', '挺', '大', '满意', '的', '一次', '购物']",用上了效果挺好
405,"['一直', '忙', '忘', '了', '评价', '东西', '很', '不错', '小巧', '精致']",东西很不错
406,"['宝贝', '收到', '了', '物流', '很快', '东西', '好', '小巧', '很', '满意', '值得', '购买']",东西好小巧
407,"['宝贝', '挺', '好', '邮', '回来', '我', '就', '下载', '歌曲', '了', '安装', '在', '车里', '了', '正好']",宝贝挺好
408,"['好', '东西', '确实', '像', '样子', '用', '在', '车上', '和', '我', '想像中', '一模一样']",好东西
409,"['东西', '还行', '送', '的', '挂绳', '太差', '还', '不如', '不送', '免得', '影响', '好评']",东西还行
410,"['东西', '不错', '第二次', '购买', '唯独', '不', '知道', '为什么', '放', '视频', 'U盘', '发热', '了']",东西不错
411,"['快递', '包装', '是', '有点', '简陋', '了', '东西', '倒', '是', '很', '小巧', '很', '精致']",东西倒是很小巧
412,"['u', '盘', '体积小', '容量', '大', '质量', '好', '价钱', '平放', '车载', '音乐', '非常', '合适', '赞']",质量好
413,"['东西', '非常', '好用', '真的', '小巧', '一点', '不', '妨碍', '空间']",东西非常好用
414,"['小巧', '可爱', '质量', '好', '要是', '加根', '吊绳', '就', '好', '了', '毕竟', '太小', '取', '下来', '如果', '不', '小心', '会', '容易', '找', '不到']",可爱质量好
415,"['很', '好', '用', '的', '宝贝', '小而', '强大', '内存容量', '符合']",很好用的宝贝
416,"['宝贝', '超乎', '想象', '的', '精致', '以至于', '有时候', '不好', '找到']",宝贝超乎想象的精致
417,"['实际', '内存', '只有', '148', '差', '的', '有点', '多', '了', '其他', '的', '质量', '什么', '的', '都', '挺', '好', '的']","620-11-19,31;920-12-11,17;"
418,"['宝贝', '不错', '很小', '在', '车上', '用', '正合适', '有', '148G', '好评']",宝贝不错
419,"['包装', '很', '严实', '质量', '不错', '只是', '不', '知道', 'u', '盘', '好不好', '用', '希望', '好用', '的']",质量不错
420,"['快递', '发个', '短信', '就', '完', '了', '现在', '的', '物流', '真心', '不想', '多', '说', '呀', '东西', '还是', '可以', '的', '物流', '必须', '投诉']",东西还是可以的
421,"['东西', '不错', '是', '正品', '用', '了', '一段时间', '才', '来', '评价']",东西不错
422,"['东西', '对得起', '这个', '价格', '很小', '不', '担心', '碰到']",东西对得起这个价格
423,"['东西', '很', '好', '自带', '加密', '文件', '容量', '够', '大小', '很', '适合', '车载', '用', '好评']",东西很好
424,"['东西', '很', '好', '反应', '很快', '小到', '极致']",东西很好
425,"['品牌', '值得', '信赖', '产品', '确实', '不错', '应该', '是', '正品']",产品确实不错
426,"['宝贝', '收到', '了', '质量', '还', '不错', '本来', '说', '下载', '几个', '歌曲', '结果', '歌曲', '都', '收费', '还', '没用', '用过', '再', '来', '追评']",质量还不错
427,"['宝贝', '收到', '了', '评论', '晚', '了', '东西', '真的', '不错', '容量', '大', '还有', '防盗', '满意']",东西真的不错
428,"['东西', '不错', '小巧玲珑', '的', '之前', '车上', '的', '丢', '了', '正好', '买', '一个']",东西不错
429,"['第二次', '来', '买', '啦', 'U盘', '质量', '还是', '一如既往', '的', '好']","620-11-7,19;"
430,"['和', '图片', '描述', '的', '一样', '质量', '也', '非常', '好', '很', '满意']",质量也非常好
431,"['质量', '超好', '价格', '实惠', '超值']",质量超好
432,"['好', '东西', '小巧', '适合', '放', '车里', '反应', '很快']",好东西
433,"['宝贝', '不错', '是', '想像中', '的', '样子', '非常', '的', '小巧']",宝贝不错
434,"['东西', '不错', '放在', '车上', '小小的', '刚刚', '好']",东西不错
435,"['宝贝', '已', '收到', '效果', '很', '不错', '一次', '满意', '的', '购物']",效果很不错
436,"['宝贝', '非常', '小巧', '精致']",宝贝非常小巧精致
437,"['宝贝', '非常', '棒', '就是', '要', '这样', '小巧玲珑', '的', '车用', '最合适']",宝贝非常棒
438,"['宝贝', '非常', '小', '放在', '车上', '听歌', '不', '占', '地方', '用', '了', '两天', '效果', '不错', '满意']",效果不错
439,"['挺', '好', '的', '实惠', '质量', '也', '没', '问题']",质量也没问题
440,"['东西', '不错', '用', '起来', '挺', '顺畅', '的', '不会', '卡主', '怎么样', '的']",东西不错
441,"['东西', '虽好', '也', '小巧', '就是', 'CD机', '读不出', '桑心']",东西虽好
442,"['几天', '没', '在家', '确认', '晚', '了', '抱歉', '宝贝', '挺', '好', '小巧', '可爱']",宝贝挺好
443,"['东西', '还', '行', '希望', '能撑', '的', '久', '一点']",东西还行
444,"['十分', '小巧', '用', '在', '车载', '音箱', '上', '效果', '很棒']","920-11-0,4;620-11-5,16;"
445,"['还好', '就是', '插', '电脑', '上久', '了', '有点', '发烫', '最好', '把', '需要', '的', '东西', '下载', '好', '再', '复制到', 'U盘', '里']","920-11-0,2;920-12-3,15;620-11-16,34;"
446,"['第二次', '买', '了', '东西', '用', '的', '还行', '挺不错', '的', '给', '个', '好评']","620-11-6,20;"
447,"['超', '迷你', '容量', '大', '质量', '也', '不错', '就是', '不', '知道', '耐', '不', '耐用']",质量也不错
448,"['质量', '没得说', '确实', '好用', '就是', '内存', '怎么', '显示', '只有', '146', '个', 'G']",质量没得说确实好用
449,"['宝贝', '特别', '小巧', '可爱', '用', '起来', '还', '可以', '有', '需要', '再', '来']",宝贝特别小巧可爱
450,"['东西', '挺好用', '大家', '可以', '安心', '购买']",东西挺好用
451,"['东西', '还', '可以', '吧', '就是', '有时候', '在', '车上', '自己', '就', '弹出', '了', '然后', '重新', '插', '就', '好', '了']",东西还可以吧
452,"['东西', '不错', '是', '正品', '用', '了', '再', '来', '评价']",东西不错
453,"['东西', '还', '可以', '直接', '用', '手机', '就', '可以', '转', '歌曲']",东西还可以
454,"['东西', '不错', '买来', '就', '拷', '上', '几百', '首歌', '一点', '也', '不', '占', '地方', '希望', '耐用']",东西不错
455,"['东西', '不错', '小小的', '有点', '小贵']",东西不错
456,"['东西', '不错', '小巧', '方便', '希望', '能够', '耐用']",东西不错
457,"['东西', '挺', '精致', '就是', '有点', '发热']",东西挺精致
458,"['宝贝', '可以', '客服', '不行', '明明', '可以', '手机', '直接', '下载', '到', 'u', '盘', '却', '不', '告诉', '说', '不', '可以']",宝贝可以
459,"['第二次', '买', '了', '东西', '非常', '好', '小巧玲珑']",东西非常好
460,"['样子', '可爱', '质量', '也', '不错', '哦']","920-11-0,4;620-11-5,11;"
461,"['东西', '挺', '好', '的', '而且', '空间', '也', '达到', '描述', '的', '空间', '了']",东西挺好的
462,"['东西', '不错', '正品']",东西不错正品
463,"['东西', '很', '好', '精致', '小巧']",东西很好
464,"['宝贝', '不错', '正品', '足量']",宝贝不错
465,"['很', '喜欢', '的', '一个', '产品', '不错', '嗯', '速度', '也', '挺快', '的', '容量', '也', '没少', '多少']",很喜欢的一个产品不错嗯
466,"['很', '好', '质量', '放心', '多次', '购买', '了', '就是', '最近', '涨', '的', '厉害']",质量放心
467,"['东西', '不错', '正品', '物流', '也', '可以', '快', '赶上', '顺丰', '了']",东西不错
468,"['东西', '很', '好', '第三次', '买', '了', '可惜', '这次', '的', '刚用', '几天', '丢', '了', '唉', '还', '的', '不错', '再', '买', '一个']",东西很好
469,"['比', '想象', '的', '还', '小', '质量', '非常', '非常', '好', '五星', '好评']",质量非常非常好
470,"['东西', '不错', '我', '好', '喜欢', '有', '机会', '再', '来']",东西不错
471,"['正在', '下载', '歌曲', '不', '知道', '车能', '不能', '放', '不过', '东西', '还是', '比较', 'OK', '的']","620-11-16,27;"
472,"['宝贝', '很', '迷你', '很', '喜欢', '好']",宝贝很迷你很喜欢
473,"['宝贝', '收到', '非常', '满意', '小巧', '车上', '用', '非常', '方便']",宝贝收到非常满意
474,"['东西', '看', '的', '不错', '没用', '那', '以后', '在', '评论']",东西看的不错
475,"['效果', '不错', '质量', '待', '使用', '后', '才', '知道']",效果不错
476,"['东西', '不错', '内存', '也', '足', '非常', '的', '喜欢']",东西不错
477,"['东西', '不错', 'ltemgt', '质量', '很', '好', '性价比', '非常', '高']",东<em>西不错<
478,"['宝贝', '是', '蛮', '好', '的', '不过', '快递', '有点', '慢', '我', '估计', '是', '有点', '远', '总的来说', '不错']",宝贝是蛮好的
479,"['质量', '不错', '卖家', '态度', '很', '好', '电脑', '问题', '还', '以为', '是', '宝贝', '咨询', '了', '下', '卖家', '一下', '就', '搞定', '下次', '还来']",质量不错
480,"['好', '小', '指甲', '那么', '大', '质量', '不错']","620-11-9,13;920-12-3,8;920-12-0,2;"
481,"['宝贝', '看上去', '不错', '暂时', '还', '不', '知道', '质量', '如何', '服务', '很', '好']",宝贝看上去不错
482,"['宝贝', '不错', '够', '小巧', '放', '车里', '正合适']",宝贝不错
483,"['产品', '试过', '很', '好', '就是', '物流', '不给力', '放在', '门卫', '2', '天', '也', '不', '打个', '电话']",产品试过很好
484,"['很', '开心', '这么', '便宜', '的', '价格', '买入', '如此', '好', '的', '宝贝']","520-11-0,18;620-11-0,18;"
485,"['宝贝', '不错', '买来', '车上', '听歌', '的', '挺好用']",宝贝不错
486,"['东西', '很', '不错', '加密', '功能', '很', '好', '体积', '不', '大', '质量', '非常', '好']",东西很不错 能很好，体
487,"['宝贝', '很', '好', '小巧', '实用', '车上', '用', '刚好', '读取', '速度', '块']",宝贝很好
488,"['东西', '不错', '小巧玲珑', '价格', '合适', '物流业', '很快']",东西不错
489,"['东西', '很', '不错', '传输速度', '快', '体积小', '非常', '方便']",东西很不错
490,"['东西', '不错', '用', '两天', '了', '没', '毛病']",东西不错
491,"['U盘', '质量', '非常', '好', '很', '实用']",U盘质量非常好
492,"['东西', '不错', '比', '我', '想象', '中', '的', '好']",东西不错
493,"['质量', '很', '好', '是', '行货', '非常', '满意', '的', '购物']",质量很好
494,"['还', '没用过', '但是', '宝贝', '很', '迷你', '小巧', '非常', '喜欢']",但是宝贝很迷你小巧
495,"['东西', '不错', '用', '在', '车上', '很', '方便', '客服', '很亲', '和', '给', '个', '赞']",东西不错
496,"['宝贝', '非常', '好', '和', '描述', '的', '一样', '小']",宝贝非常好
497,"['东西', '很', '好', '送', '的', '挂绳', '坏掉', '了', '不过', '优盘', '好', '就', '行']",东西很好
498,"['不好意思', '确认', '晚', '了', '质量', '很', '好', '小巧']",质量很好
499,"['东西', '不错', '很小', '但', '很', '实用']",东西不错
500,"['东西', '很', '好', '很小', '所见即', '所得']",东西很好很小
501,"['东西', '很', '好', '小巧', '车载', '很', '方便', '一插', '上', '就', '可以', '用']",东西很好
502,"['质量', '很', '好', '查询', '防伪', '了', '是', '正品', '装车', '上', '不', '占地']",质量很好
503,"['质量', '蛮', '好', '的', '小巧', '方便']",质量蛮好的
504,"['东西', '很', '小巧', '也', '很', '适用']",东西很小巧
505,"['东西', '不错', '小巧', '实用']",东西不错
506,"['质量', '很', '不错', '小小', '一颗', '放在', '车上', '听歌', '不', '占', '空间', '不会', '误触', '读取', '速度', '也', '不错']",质量很不错
507,"['东西', '可以', '14', '个', '多', 'G', '有', '机会', '再', '合作']",东西可以
508,"['质量', '挺', '好', '功能', '小巧']","620-11-0,8;"
509,"['宝贝', '真的', '很', '小巧', '方便', '携带']",宝贝真的很小巧
510,"['很', '好', '的', '东西', '小巧玲珑']",很好的东西
511,"['宝贝', '很', '好', '是', '正品', '小巧玲珑']",宝贝很好
512,"['已', '收到', '质量', '还', '不错']","620-11-4,9;"
513,"['质量', '不错', '很', '精致', '一直', '用', '这个', '牌子']",质量不错
514,"['宝贝', '很', '精致', '还', '没有', '用']",宝贝很精致
515,"['东西', '可以', '小巧']",东西可以
516,"['东西', '好', '是', '正品']",东西好
517,"['东西', '不错', '很', '小巧']",东西不错
518,"['只有', '一句', '话', '就是', '东西', '还', '不错', '点赞']",只有一句话就是东西还不错
519,"['东西', '不错', '物流', '也', '挺快', '查', '了', '防伪', '是', '正品']",东西不错
520,"['产品', '经过', '使用', '一切正常', '满意', '好评']",产品经过使用一切正常
521,"['质量', '挺', '好', '的', '容量', '148G20', '端口', '的', '传输速度', '写入', '8M', '左右', '够用', '了']",质量挺好的
522,"['非常', '喜欢', '小巧玲珑', '质量', '没', '问题']","920-11-0,4;620-11-10,15;"
523,"['东西', '还', '可以', '在', '用', '了']",东西还可以
524,"['东西', '还', '行', '物美价廉']",东西还行
525,"['东西', '非常', '不错']","620-11-0,6;"
526,"['东西', '不错', '速度', '也', '挺快', '的', '值得', '购买']",东西不错
527,"['宝贝', '很', '好', '小巧玲珑', '放在', '车上', '很省', '空间']",宝贝很好
528,"['很棒', '的', '宝贝', '第二次', '买', '了']",很棒的宝贝
529,"['很', '好', '的', '东西', '啊', '很', '是', '喜欢', '速度', '也', '不错', '的', '哦']",很好的东西啊
530,"['质量', '还', '可以', '非常', '小巧', '应该', '不错']",质量还可以
531,"['东西', '不错', '哟', '灵巧', '方便', '内存', '也', '够']",东西不错哟
532,"['东西', '很', '好', '很', '小巧']","620-11-0,7;"
533,"['宝贝', '还', '不错', '我', '要求', '不高', '物美价廉']",宝贝还不错
534,"['东西', '不错', '小巧']",东西不错
535,"['东西', '不错', '好用']","620-11-0,6;"
536,"['东西', '小巧', '不错']","620-11-0,6;"
537,"['东西', '不错', '哦', '好评']","620-11-0,7;"
538,"['东西', '不错', '挺', '好', '的']",东西不错
539,"['第三次', '买', '了', '涨价', '了', '但是', '质量', '没差']","620-11-10,16;"
540,"['东西', '还', '可以', '就是', '价格', '涨', '了']",东西还可以
541,"['东西', '不错', 'ltemgt', '质量', '很', '好']",东<em>西不错<
542,"['好', '东西', '车载', '专用']",好东西
543,"['好好', '小巧', '的', '东西']","920-11-0,1;620-11-2,8;"
544,"['宝贝', '还', '可以', '、', '就是', '快递', '公司', '有点', '慢']",宝贝还可以
545,"['不错', '的', '宝贝', '感觉', '是', '正品', '没', '问题', '推荐']",不错的宝贝
546,"['价格', '美丽', '质量', '也', '不错']","520-11-0,4;620-11-5,10;"
547,"['物流', '超级', '快', '16G', '差', '1G', '吧', '东西', '还是', '不错', '的']","420-13-0,12;620-11-13,20;"
548,"['质量', '很', '好', '只是', '闪存', '涨价', '太多', '了', '不', '急', '不要', '买']",质量很好
549,"['宝贝', '很', '满意', '用', '一段时间', '再来', '追评']",宝贝很满意
550,"['宝贝', '不错', '发货', '快']",宝贝不错
551,"['非常', '好用', '质量', '做工', '也', '很', '不错', '好评']",质量做工也很不错
552,"['好', '东西', '没', '的', '说', '下次', '继续', '购买']",好东西
553,"['宝贝', '不错', '用', '了', '几天', '才', '来', '评论', '满分']",宝贝不错
554,"['东西', '不错', '放', '车上', '很', '是', '小巧']",东西不错
555,"['宝贝', '很', '小巧', '内存', '与', '描述', '的', '一致']",宝贝很小巧
556,"['东西', '不错', '满意', '的', '一次', '购物']",东西不错
557,"['宝贝', '收到', '了', '质量', '挺', '好', '的', '很', '好', '用', '需要', '的', '不用', '犹豫']",质量挺好的
558,"['宝贝', '很小', '也', '很', '好']","620-11-0,7;"
559,"['宝贝', '不错', '很', '合适', '真心', '太', '小巧']",宝贝不错
560,"['很', '好', '小巧玲珑', '质量', '不错']","620-11-0,10;"
561,"['东西', '小巧', '好用', '不错']",东西小巧
562,"['东西', '不错', '在', '车上', '用', '很', '好', '的', '很', '好']",东西不错
563,"['东西', '很', '好', '速度', '很快', '就', '是从', '电脑', '上用', '完', '很', '热']",东西很好
564,"['质量', '还', '可以', '我', '估计', '应该', '是', '目前', '最小', '的', 'U盘', '了']",质量还可以
565,"['好评', '啊', '东西', '还', '行', '有点', '慢速度']",东西还行
566,"['东西', '很', '不错', '买', '了', '第三次', '了']",东西很不错
567,"['东西', '小巧', '好用', '放在', '车上', '有', '隐蔽性', '哦', '不错', '物流', '太慢', '啦', '太慢', '啦']",东西小巧好用
568,"['宝贝', '很', '好', '用', '快递', '员', '很', '垃圾', 'helliphellip']",宝贝很好用
569,"['非常', '实用', '的', '宝贝', '第二次', '购买', '了']",非常实用的宝贝
570,"['宝贝', '还', '不错']",宝贝还不错
571,"['与', '描述', '相符', '物流', '很快', '宝贝', '很', '小巧']","620-11-11,16;420-11-6,10;720-11-0,5;"
572,"['东西', '很', '不错', '是', '正品']",东西很不错
573,"['非常', '好', '发货', '快', '东西', '也好']","10420-11-0,10;620-11-0,10;"
574,"['质量', '很', '好', '已经', '插', '车上', '听歌', '了']",质量很好
575,"['已经', '用', '上', '了', '宝贝', '不错', '好评']","620-11-6,12;"
576,"['宝贝', '不错', '不错']","620-11-0,6;"
577,"['东西', '不错', '很', '喜欢', '很', '好']",东西不错很喜欢
578,"['宝贝', '很', '好', '很', '迷你', '超好', '用']",宝贝很好
579,"['小巧玲珑', '质量', '很', '好']","620-11-0,8;"
580,"['好', '东西', '放', '车上', '听歌', '用', '不', '占', '地方', '完美']",好东西
581,"['东西', '不错', '目前', '挺', '好']",东西不错
582,"['东西', '不错', '值得', '购买']","620-11-0,8;"
583,"['东西', '不错', '应该', '用', '上', '了']",东西不错
584,"['东西', '不错', '已经', '用', '了']",东西不错
585,"['宝贝', '很', '不错', '商家', '继续', '努力']",宝贝很不错
586,"['不错', '的', '宝贝', '希望', '不', '容易', '坏']",不错的宝贝
587,"['性价比', '高质量', '可靠', '值得', '一买']",质量可靠
588,"['东西', '满分', '服务', '满分']",东西满分
589,"['俺', '是', '老', '顾客', '了', '觉得', '质量', '好', '又', '来', '买', '的']",觉得质量好又来买的
590,"['宝贝', '很', '好', '用', '下次', '还来']",宝贝很好用
591,"['质量', '没', '的', '说', '特别', '小巧']",质量没的说
592,"['小巧', '质量', '也', '不错', '哦']","920-11-0,2;620-11-3,9;"
593,"['东西', '不错', '不', '占', '地方']",东西不错
594,"['东西', '跟', '好', '很', '精致']",东西跟好
595,"['U盘', '质量', '可以', '用', '这个', '牌子', '挺', '多年', '了', '一直', '不错', '建义', '买', '的', '朋友', '买', '空盘']",U盘质量可以
596,"['物流', '快', '东西', '很', '小巧', '很', '满意', '拿到', '就', '下载', '了', '歌曲']",东西很小巧
597,"['效果', '不错', '很', '小巧']",效果不错
598,"['东西', '很', '好', '第三次', '购买']",东西很好
599,"['宝贝', '用', '起来', '不错', '发货', '速度', '也', '很快']",宝贝用起来不错
600,"['宝贝', '很', '满意', '很', '适合', '车载']",宝贝很满意
601,"['东西', '很棒', '超级', '小']","620-11-0,7;"
602,"['挺', '好', '的', '产品', '值', '的', '拥有']","620-11-0,9;"
603,"['东西', '小巧', '不错']",东西小巧
604,"['不错', '东西', '收到', '了', '很', '喜欢']","920-11-0,2;620-11-3,11;"
605,"['东西', '很', '好', '用', '值得', '购买']",东西很好用
606,"['质量', '很', '好', '不错']",质量很好
607,"['非常', '好', '的', '店家', '东西', '也', '很', '赞']","10120-11-0,6;620-11-7,12;"
608,"['宝贝', '不错', '满星', '好评']",宝贝不错
609,"['宝贝', '不错', '小巧', '方便']",宝贝不错
610,"['很', '好', '的', '东西', '小巧']",很好的东西
611,"['质量', '很', '好', '服务态度', '也', '很', '满意', '以后', '继续', '光临', '此店']",质量很好
612,"['东西', '很', '好', '、', '物流', '也', '很快', '、', '卖家', '服务态度', '也', '不错']",东西很好
613,"['宝贝', '不错', '正在', '用']",宝贝不错
614,"['很', '不错', '的', '产品', '下次', '再', '购买']",很不错的产品
615,"['很', '好', '用', '质量', '不错']","920-11-0,3;620-11-4,8;"
616,"['很', '好', '正品', '质量', '没', '的', '说']","920-11-0,2;1020-11-3,5;620-11-6,11;"
617,"['东西', '挺', '好', '很', '喜欢']",东西挺好
618,"['东西', '很', '好', '回头客']",东西很好
619,"['质量', '很', '好', '买', '了', '两件']",质量很好
620,"['宝贝', '很', '好', '确认', '收货', '晚', '了', '不好意思', '了']",宝贝很好
621,"['质量', '非常', '好', '超级', '喜欢']",质量非常好
622,"['是', '正品', '质量', '不错']","620-11-4,8;1020-11-0,3;"
623,"['东西', '很', '好', '下次', '还来']",东西很好
624,"['东西', '很棒', '很', '好']",东西很棒
625,"['质量', '很', '好', '值得', '购买']",质量很好
626,"['东西', '很', '好', '值得', '购买']",东西很好
627,"['质量', '不错', '非常', '好', '我', '很', '满意']",质量不错
628,"['东西', '不错', '值得', '推荐']",东西不错
629,"['非常', '不错', '给', '客户', '买', '的', '还', '沾光', '了', '我', '6', '块', '多', '唉', '算了', '东西', '好', '她', '满意', '就行']","620-11-25,33;920-11-0,4;920-12-11,19;"
630,"['东西', '很', '好', '就是', '用久', '了', '会', '发热']",东西很好
631,"['第三次', '买', '了', '好', '东西']",好东西
632,"['绝对', '正品', '质量', '好', '价格低', '发货', '速度', '快']",质量好价格低
633,"['车上', '很', '实用', '质量', '好']",质量好
634,"['不错', '的', '东东', '车载', '太', '方便', '了']",不错的东东
635,"['东西', '还', '可以', '物流', '太', '差']","420-13-0,9;620-11-0,9;"
636,"['宝贝', '很', '好', '已经', '是', '第二次', '购买', '了']",宝贝很好
637,"['东西', '很', '好', '值得', '一评', '赞', '一个']",东西很好
638,"['东西', '没', '毛病', '就是', '物流', '稍慢']",东西没毛病
639,"['物美价廉', '质量', '超好', '做工', '细致']",质量超好
640,"['物流', '挺快', '宝贝', '可以']","620-11-0,8;420-11-0,8;"
641,"['东西', '很', '好', '第二次', '购买']",东西很好
642,"['东西', '不错', '快递', '垃圾']",东西不错
643,"['东西', '不错', '商家', '服务', '很', '好']",东西不错
644,"['东西', '不错', '快', '递给', '力']",东西不错
645,"['东西', '很', '好', '喜欢']",东西很好
646,"['好', '东西', '值得', '入手']",好东西
647,"['发货', '速度', '快', '东西', '也', '不错']","10420-11-0,5;620-11-6,11;"
648,"['东西', '很', '好', '小巧', '便携', '快递', '也', '很', '给', '力']",东西很好
649,"['宝贝', '很', '好', '小巧', '方便']",宝贝很好
651,"['第二次', '购买', '了', '涨价', '了', '比', '第一次', '贵', '了', '好多', '是', '正品', '质量', '挺', '好', '的', '店家', '的', '服务', '一流', '的']",质量挺好的
652,"['很', '迷你', '隐形', '效果', '很', '好', '不错']",很迷你隐形效果很好
653,"['小', '东东', '不错']",东东不错
654,"['很', '好', '质量', '一直', '很', '好']","920-11-0,2;620-11-3,9;"
655,"['东西', '不错', '满分']",东西不错
656,"['宝贝', '十份', '精细', '哦', '非常', '好', '的']",宝贝十份精细哦
657,"['物美价廉', '质量', '非常', '好']",质量非常好
658,"['宝贝', '收到', '了', '质量', '很', '好', '值得', '购买']",质量很好
659,"['宝贝', '很', '好', 'ltemgt', '质量', '不错', '谢谢', '老板']",宝<em>贝很好<
660,"['宝贝', '不错', '值得', '购买']",宝贝不错
661,"['质量', '不错', '好好']",质量不错
662,"['不错', '很', '好', '的', '东东', '挺好用', '的']",很好的东东
663,"['宝贝', '不错', '应该', '是', '正品']",宝贝不错
665,"['很', '好', '质量', '不错']","920-11-0,2;620-11-3,7;"
666,"['东西', '不错', '物流', '很快']",东西不错
667,"['东东', '不错', '上车', '试', '了', '一下', '相当', '美观', '啊']",东东不错
668,"['不错', '送货', '速度', '快', '质量', '很', '好']","620-11-9,13;920-11-0,2;420-11-3,8;"
669,"['东西', '很', '好', '多次', '购买', '了', '读取', '速度', '很快', '谢谢', '店家']",东西很好
670,"['质量', '好', '非常', '好']",质量好
671,"['物流', '非常', '给力', '产品', '小巧', '还', '没', '下载', '东西', '不', '知道', '怎么样']",产品小巧
672,"['不好意思', '确认', '晚', '了', '东西', '很棒']",东西很棒
673,"['东西', '不错', '可以', '使用', '1438G']",东西不错
674,"['宝贝', '很', '好', '物流', '给力']",宝贝很好
675,"['物流', '快', '很', '小巧', '的', '东西', '就是', '包装', '不好', '应该', '弄个', '盒子', '他', '是', '装', '在', '信件', '里', '的', '觉得', '容易', '毁坏']",很小巧的东西
676,"['不错', '质量', '好', '值得', '购买']",质量好
677,"['质量', '挺', '好', '的', '用', '在', '车上', '小巧', '不', '碍事', '好评']",质量挺好的
678,"['东西', '小巧', '确实', '不错', '值得']",东西小巧
679,"['东西', '很', '好', '我', '很', '喜欢', '好评']",东西很好
680,"['质量', '好', '是', '正品']",质量好
681,"['很', '满意', '质量', '不错']","920-11-0,3;620-11-4,8;"
682,"['质量', '非常', '好', '快递', '也', '很', '给', '力', '自己', '买', '了', '一个', '用', '着', '好', '这个', '给', '同事', '买', '的']",质量非常好
683,"['不错', '质量', '很', '好']","920-11-0,2;620-11-3,7;"
685,"['东西', '很', '好', '用', '小巧']",东西很好用
686,"['小巧玲珑', '质量', '很', '好', '下次', '继续', '买']",质量很好
687,"['发货', '快', '质量', '好']","10420-11-0,3;620-11-4,7;"
688,"['好评', '车里', '正好', '能盖', '上', '盖子', '好', '东西']","920-11-0,2;620-11-14,17;"
689,"['东西', '不错', '太小', '了']",东西不错
690,"['宝贝', '不错', '很', '小巧']",宝贝不错
691,"['质量', '还', '可以']",质量还可以
692,"['好', '东西', '物流', '很快']",好东西
693,"['很', '不错', '用', '了', '很多', '闪迪', '的', '存储卡', '还', '没有', '发现', '任何', '问题', '质量', '很', '不错']",质量很不错
694,"['音质', '效果', '非常', '好', '喜欢']",音质效果非常好
695,"['非常', '小巧', '好', '东西', '推荐', '购买']",好东西
696,"['宝贝', '很', '好', '很', '喜欢']",宝贝很好
697,"['第二次', '买', '质量', '好', '卖家', '诚信']","620-11-0,11;10120-12-0,11;"
698,"['质量', '好', '邮递', '快', '满意']",质量好
699,"['很', '好', '插', '车上', '试过', '了', '效果', '很', '好', '赞']",效果很好
700,"['车载', 'U盘', '质量', '不错', '物流', '给力', '好评']",车载U盘质量不错
701,"['相当', '不错', '的', '东东', '赞', '一个', '好']",相当不错的东东赞一个
702,"['是', '正品', '质量', '很', '好']",质量很好
703,"['卖家', '服务态度', '很', '好', '很', '满意', '质量', '很', '好']","620-11-13,17;10120-11-0,8;920-11-9,12;"
704,"['质量', '很', '好', '用', '着', '很', '放心']",质量很好
705,"['质量', '很', '好', '小巧', '轻便']",质量很好
706,"['很', '不错', '的', '东东', '价格', '也', '便宜', '谢谢', '店家', '了', '很', '不错', '哦']",很不错的东东
707,"['宝贝', '已', '收到', '质量', '不错', '好评']",质量不错
708,"['好', '东西', '推荐', '购买']",好东西
709,"['宝贝', '很', '好', '很', '满意', '的', '一次', '购物']",宝贝很好
710,"['东西', '很', '好', '非常', '好用']",东西很好
711,"['宝贝', '不错', '挺', '好', '的']",宝贝不错
712,"['东西', '很', '好', '非常', '喜欢']",东西很好
713,"['宝贝', '很', '好', '很', '小巧']",宝贝很好
714,"['宝贝', '不错', '发货', '速度', '很快', '很', '好']",宝贝不错
715,"['物流', '迅速', '东西', '很', '好']","620-11-5,9;420-11-0,4;"
716,"['物流', '很快', '东西', '不错']","620-11-5,9;420-11-0,4;"
717,"['质量', '不错', '物美价廉']",质量不错
718,"['东西', '很', '小巧', '但', '拉', '文件', '进来', '这', '速度慢', '得', '可怕', '还', '没', '我', '自己', '的', '8G', '的', '速度', '快']",东西很小巧
719,"['质量', '不错', '很', '好']",质量不错
720,"['都', '是', '一些', '老歌', '听', '着', '一点', '都', '不好', '但是', '东西', '还是', '蛮', '好看', '的']","620-11-15,25;"
721,"['用', '了', '在', '来', '评价', '呢', 'u', '盘', '真的', '好', '不错', '的', '商品']","620-11-14,19;920-11-8,13;"
722,"['挂绳', '是', '绿色', '的', '不是', '太配', '不', '知道', '为什么', '查', '到', '车上', '去', '了', '太紧', '了', '不', '容易', '取', '下来', '安', '上去', '东西', '还是', '不错', '的']",东西还是不错的
723,"['小巧', '质量', '好']","920-11-0,2;620-11-3,6;"
724,"['质量', '不错', '物流', '快赞']",质量不错
725,"['第二次', '买', '了', '质量', '还是', '不错', '的', '就是', '价格', '贵', '了', '好多', '好评']",质量还是不错的
726,"['质量', '不错', '内存', '大', '而且', '价格', '不', '贵']",质量不错
727,"['优盘', '质量', '很', '好', '需要', '再', '买']",优盘质量很好
728,"['东西', '很', '小巧', '非常', '不错']",东西很小巧
729,"['非常', '满意', '宝贝', '非常', '棒', '有', '需要', '还会来']",宝贝非常棒
730,"['好', '东西', '啊', '好', '东西', '啊', '好', '东西', '啊']","620-12-0,12;620-11-0,12;"
732,"['很', '好', '的', '宝贝', '正在', '使用', '中', '建议', '购买']",很好的宝贝
735,"['闪迪', '16g', '车载', 'u', '盘', '一直', '担心', '适不', '适用', '付款', '几天', '一直', '没', '让', '发货', '卖家', '很', '耐心', '的', '等待', '我', '发货', '的', '回复', '最后', '决定', '买来', '试试', '吧', '真', '不能', '用', '就', '当', '其它', '用途', '没想到', '这么', '好', '小巧', '实用', '内存', '足', '车载', '用', '非常适合', '强烈推荐']",卖家很耐心的等待我发货的回复
736,"['U盘', '质量', '很', '好', '是', '正品', '闪迪', '的', '16G', '试用', '过后', '有', '148G', '小巧玲珑', '的', '非常', '方便', '实用', '客服', '态度', '好']","10120-11-41,46;920-11-34,40;1020-11-7,13;620-11-0,6;"
737,"['日产', '骐达', '可以', '用', '啊', '太', '好', '啦', '包装', '的', '也', '很', '严实', '卖家', '给力']",卖家给力
738,"['很', '好', '的', '卖家', '服务', '好', '发货', '快', '包装', '严实', '物流', '快', '包装', '完好', '收到', '的', '与', '描述', '一致', 'U盘', '很', '好', '用', '赞']",很好的卖家 服务好
739,"['宝贝', '很漂亮', '质量', '好', '做工', '精细', '快递', '跟', '给', '力', '卖家', '态度', '很', '好', '价格合理', '经济', '实惠', '外观', '很漂亮', '如果', '有', '需要', '还会', '在', '来', '的', '5', '份', '好评', '是', '应该', '的', '用', '着', '方便', '价格便宜', '实用性', '强', '卖家', '发货', '及时', '物流', '快', '老板', '服务', '好', '产品', '性价比', '高', '功能强大', '价格', '实惠', '老板', '还有', '优惠', '真心', '的', '感谢', '都', '可以', '充值', '以后', '有', '需要', '还会', '光顾', '的', '5', '分', '好评', '谢谢', '老板']",卖家态度很好 货及时，物
740,"['这款', 'u', '盘', '款式', '新颖', '个头', '小巧玲珑', '非常适合', '放在', '车里', '品牌', '的', '东西', '就是', '好用', '值得', '购买', '卖家', '发货', '速度', '很快', '客服', '态度', '非常', '好祝', '卖家', '生意兴隆']",客服态度非常好
741,"['非常', '给力', '一看', '就是', '正品', '包装', '无疑', '后', '上官', '网', '验证', '正品', 'OK', '全', '五星', '好评', '买', '了', '11', '个', '做', '公司', '的', '小', '礼品', '用', '商家', '开', '的', '发票', '也', '很', '正规', '赞', '一个', 'U盘', '小巧', '便携', '车载', '放', '放', '音乐', '或者', '放包', '里面', '随时', '备份', '个', '数据', '什么', '的', '都', '非常', '好', '16GB', '的', '容量', '计算机', '显示', '为', '148G', '完全', '正常', '与', '换算', '后', '的', '容量', '一致', 'SanDisk', '大', '品牌', '值得', '信赖', '非常', '好']",商家开的发票也很正规 SanDisk大品牌值得信赖
742,"['一看', '就是', '正品', '很', '好', '用', '良心', '卖家', '值得', '推荐', '我', '想', '说', '的', '是', '真的', '好', '小']",良心卖家值得推荐
743,"['非常', '的', '好', '这么', '小巧', '功能', '也', '这么', '强大', '快递', '也', '很', '不错', '很快', '服务', '很', '好']",服务很好
744,"['发货', '快', '而且', '态度', '也', '特别', '的', '好', '宝贝', '非常', '的', '精致', '质量', '很', '好物', '超过', '所值']",而且态度也特别的好
745,"['优盘', '制作', '精致', '容量', '足够', '存取', '迅速', '符合', '描述', '很', '满意', '物流', '快捷', '服务周到']",服务周到
746,"['行货', '正品', '小巧', '放在', '车上', '不', '占', '地方', '质量', '非产好', '服务周到']","10120-11-25,29;620-11-17,22;920-11-5,7;"
748,"['很小', '很', '方便', '携带', '传输速率', '也', '很快', '还', '自带', '加密', '软件', '满意', '服务', '一流']","920-11-0,7;420-11-8,15;920-11-24,26;10120-11-29,33;"
749,"['比', '我', '想象', '的', '还有', '小巧', '精致', '发货', '、', '物流', '及', '产品', '都', '给', '力', '给', '老板', '点赞']",给老板点赞
750,"['货', '收到', '微型', '优盘', '真心', '不错', '车上', '放歌', '就', '跟', 'CD', '没', '区别', '没', '拍照', '因为', '微型', '哈哈', '老板', '服务', '不错', 'ltemgt', '有问必答', '物流', '也', '给', '力', '什么', '也', '不', '说', '了', '好评', '说话']",老板服<em>务不错<
751,"['很', '好', '迷你', '小巧', '放', '车上', '用', '很', '节省', '空间', '卖家', '服务', '好']",卖家服务好
752,"['宝贝', '真的', '不错', '内存', '大', '体积小', '不', '占', '空间', '真的', '是', '值得', '购买', '的', '好', '宝贝', '哦', '客服', '态度', '也', '没', '的', '说', '大家', '放心', '购买', '吧']",客服态度也没的说
753,"['货', '不错', '用', '上', '很', '好', '不错', '的', '卖家']",不错的卖家
754,"['优盘', '很', '不错', '客服', '也', '很', '好', '解答', '了', '我', '很多', '问题', '很', '耐心']",客服也很好
755,"['不错', '不错', '个头', '小', '容量', '大', '很', '好', '呵呵', '能装', '很多', '东西', '哦', '物流', '也', '很快', '相当', '不错', '服务', '也', '很', '好', '有', '不会', '的', '问题', '客服', '也', '耐心', '的', '解答', '了']",服务也很好
756,"['宝贝', '好', '没话说', '是', '正品', '尤其', '客服', '态度', '好', '的', '没话说', '比', '某家强', '多', '了', '表里不一', '糊弄', '消费者', '以后', '买', '优盘', '就', '这家', '了']",尤其客服态度好的没话说
757,"['宝贝', '不错', '是', '正品', '发货', '速度', '也', '很快', '还会来', '买', '服务到位']","10120-11-22,26;620-11-0,7;10420-11-8,15;1020-11-0,7;"
758,"['小巧', '可爱', '容量', '大', '店主', '服务', '也', '很', '好']","920-11-0,4;10120-11-9,16;920-12-5,8;"
759,"['很小', '很', '好', '服务', '很', '好']","10120-11-9,13;920-12-0,2;920-11-4,6;"
760,"['东西', '真心', '不错', '小巧玲珑', '物流', '给力', '包装', '很', '好', '商家', '不错', '给', '满分']",商家不错
761,"['U盘', '很', '好', '用', '小巧', '精致', '卖家', '服务', '好']",卖家服务好
762,"['非常', '棒', '跟', '以前', '买', '的', '是', '一样', '的', '发货', '很快', '服务', '很', '好']",服务很好
763,"['发货', '速度', '很快', '、', '收到', '很', '满意', '给', '店家', '五星', '好评']","10420-11-0,6;10120-11-13,20;920-11-7,12;"
764,"['精致', '质量', '非常', '好', '速度', '快', '物流', '包装', '戒指', '商家', '很', '用心']",商家很用心
765,"['宝贝', '收到', '小巧玲珑', '内存', '大', '质量', '好', '插', '在', '车内', '不', '占', '空间', '是', '很', '好', '的', 'U盘', '下载', '音乐', '音质', '很', '好', '店家', '服务态度', '好', '物流', '快全', '5', '分']",店家服务态度好
766,"['物流', '速度', '快', '精致', '客服', '态度', '也好', '赞']",客服态度也好
767,"['东西', '挺棒', '小巧', '不', '占地', '实际', '内存', '跟', '商家', '说', '的', '一致', '很', '好', '值得', '推荐', '本人', '挺', '懒', '所以', '没图', '有空', '补图', '吧']",实际内存跟商家说的一致
768,"['用', '了', '几天', '小巧玲珑', '真心', '不错', '掌柜', '服务', '挺', '好']","920-11-5,13;10120-11-14,20;"
769,"['U盘', '不错', '很', '好', '用', '物流', '很快', '卖家', '服务态度', '也', '很', '好']","920-11-0,4;420-11-9,13;920-11-5,8;10120-11-14,23;"
770,"['宝贝', '收到', '是', '正品', '小巧', '速度', '快', '5', '分', '好评', '不错', '的', '卖家', '发货', '速度', '快']",不错的卖家
771,"['质量', '很', '好', '态度', '很', '好', '物流', '也', '快', '3']",态度很好
772,"['宝贝', '已', '收到', '与', '图', '描述', '一样', '如', '老板', '说', '的', '一样', '实用', '146G', '是', '个', '诚信', '的', '老板', '物流', '服务态度', '好', '老板', '服务态度', '热情', '值得', '推荐', '和', '赞', '一个', '好评']",如老板说的一样实用14 老板服务态度热情值得推荐和赞一个好评
773,"['很', '好', '小巧', '实用', '物流', '也', '快', '客服', '服务态度', '好']","920-11-0,2;920-11-3,7;420-11-8,12;10120-11-13,20;"
774,"['一直', '信赖', '闪迪', '的', '品质', '和', '服务', 'U盘', '手机', 'T', '卡', '都', '是', '用', '的', '闪迪', '质量', '没', '的', '说', '服务', '更是', '一流', '我', '的', '手机', '存储卡', '坏', '了', '申请', '维修', '立马', '处理', '免费', '换', '新', '想想', '都', '感动', '现在', '买', 'U盘', '给', '老婆', '用', '的', '希望', '质量', '也', '一如既往', '的', '好', '推荐']",一直信赖闪迪的品质和服务 闪迪，质量没
775,"['宝贝', '收到', '啦', '质量', '挺', '好', '的', '一直', '信赖', '闪迪', '的', '美中不足', '家里', '的', '设备', '可能', '不', '支持', '大容量', '的', '希望', '各位朋友', '们', '买', '适合', '自己', '大小', '的', '啊']",一直信赖闪迪的
776,"['优盘', '长得', '还行', '体积', '比较', '小', '但是', '我', '买', '的', '是', '装车', '上用', '的', '车辆', '识别', '不了', '没事', '听', '音乐', '都', '要', '先', '拔下来', '再', '插', '上', '特别', '特别', '的', '麻烦', '我', '质询', '过', '卖家', '卖家', '说', '是', '正常', '现象', '这个', '回答', '让', '我', '很', '费解', '现在', '我', '也', '不', '知道', '是', '用', '还是', '不用', '了', '反正', '每次', '使用', '都', '要', '先', '拔下来', '再', '插', '上']",卖家说是正常现象
777,"['正品', '传速', '很快', '第二次', '购买', '了', '客服', '很漂亮', '哦']",客服很漂亮哦
778,"['客服', '人', '不错', '有', '耐心', '东西', '也', '不错']",客服人不错
779,"['漂亮', '小巧', '金士顿', '假', '的', '太', '多', '信赖', '闪迪']","920-11-0,2;920-11-3,5;920-12-6,13;10120-11-14,18;"
780,"['3008', '不能', '用', '很', '郁闷', '插上', '就', '显示', '无法', '加载', '同事', '的', '一样', '的', '可以', '用', '别的', '杂牌', '的', '都', '好', '用', '唯独', '你家', '的', '这款', '不好', '用', '跟', '店家', '联系', '店家', '说', '插', '电脑', '上', '好', '用', '就是', '好用', '我', '买来', '就是', '插', '车上', '听歌', '的', '我', '插', '电脑', '上', '干嘛', '差评', '没商量']",店家说插电脑上好用就是好用
781,"['开始', '还', '不好', '用', '后来', '客服', '给', '帮忙', '解决', '了', 'ltemgt', '态度', '物流', '都', '很', '好']",后来客服给帮忙<em>解决了</em
782,"['品牌', '值得', '信赖', '产品', '确实', '不错', '应该', '是', '正品']",品牌值得信赖
783,"['挺', '精致', '的', '放', '车上', '不', '仔细', '看', '一点', '都', '看不出来', '服务', '很', '好', '发货', '速度', '很快']",服务很好
784,"['质量', '不错', '卖家', '态度', '很', '好', '电脑', '问题', '还', '以为', '是', '宝贝', '咨询', '了', '下', '卖家', '一下', '就', '搞定', '下次', '还来']",卖家态度很好
785,"['宝贝', '看上去', '不错', '暂时', '还', '不', '知道', '质量', '如何', '服务', '很', '好']","620-11-0,7;10120-11-19,23;"
786,"['非常', '小巧', '闪迪', '值得', '信赖', '正品']",闪迪值得信赖
787,"['东西', '不错', '用', '在', '车上', '很', '方便', '客服', '很亲', '和', '给', '个', '赞']",客服很亲和
788,"['不错', '一直', '用', '着', '这个', '品牌', '值得', '信赖', '不错']",值得信赖
789,"['忘记', '第几次', '买', '了', '一直', '信赖', '这家']",一直信赖这家
790,"['物流', '挺快', '的', '应该', '是', '正品', '内存', '有', '14', '多', '客服', '人', '也', '很', '好']","10120-11-25,31;920-12-20,21;1020-11-7,12;420-11-0,5;"
791,"['放在', '车上', '一卡', '一卡', '的', '客服', '很', '不错', '的', '解答', '了', '问题', '待', '我', '研究', '研究']",客服很不错的解答了问题
792,"['闪迪大', '品牌', '值得', '信赖', '一直', '都', '用', '这个', '牌子']",闪迪大品牌值得信赖
793,"['不错', '挺', '好', '的', '一直', '信赖', '闪迪']",一直信赖闪迪
795,"['U盘', '不能', '加密', '伤心', '了', '服务态度', '还', '不错']","10120-11-11,18;920-13-7,10;"
796,"['大', '品牌', '值得', '信赖']",大品牌值得信赖
797,"['东西', '满分', '服务', '满分']",服务满分
798,"['店家', '的', '东西', '很', '不错', '用', '了', '很', '放心']",店家的东西很不错
799,"['非常', '好', '的', '店家', '东西', '也', '很', '赞']",非常好的店家
800,"['服务态度', '还好', '内存', '没有', '16G', '只有', '148G']",服务态度还好
801,"['小巧', '好用', '、', '服务', '好', '、']",服务好
802,"['服务', '好', '专门', '打电话', '问', '我发', '什么', '快递', '里面', '只有', '一个', 'u', '盘', '一个', '盖子', '没有', '绳子', '快递', '挺快', '隔天', '到']",服务好
803,"['这个', '蛮', '好', '的', '客服', '到位', '听歌', '清晰']",客服到位
804,"['质量', '很', '好', '服务态度', '也', '很', '满意', '以后', '继续', '光临', '此店']",服务态度也很满意
805,"['东西', '很', '好', '、', '物流', '也', '很快', '、', '卖家', '服务态度', '也', '不错']","10120-11-11,20;620-11-0,4;420-11-5,10;"
806,"['物流', '蛮快', '的', '服务', '非常', '可以', '服务', '一百']",服务非常可以
807,"['还是', '那么', '好', '值得', '信赖']","10120-11-0,9;"
808,"['用', '起来', '还', '不错', '值得', '信赖']","920-11-0,6;10120-11-7,11;"
809,"['老', '品牌', '值得', '信赖']",值得信赖
810,"['东西', '不错', '商家', '服务', '很', '好']","10120-11-5,11;620-11-0,4;"
811,"['发货', '快', '服务', '好', '愉快', '的', '购物']",服务好
812,"['客服', '很', '好', 'U盘', '很', '迷你', '不错']",客服很好
813,"['第二次', '购买', '了', '涨价', '了', '比', '第一次', '贵', '了', '好多', '是', '正品', '质量', '挺', '好', '的', '店家', '的', '服务', '一流', '的']",店家的服务一流的
814,"['挂绳', '的', '耳朵', '不见', '了', '店家', '态度', '好']","10120-11-9,14;"
815,"['买', '了', '好', '几次', '了', '这次', '是', '给', '同事', '买', '的', '一直', '很', '信赖']","10120-11-16,21;"
816,"['补发', '的', '店家', '很', '好']","10120-11-4,8;20120-12-0,3;"
817,"['卖家', '很', '客气', '不错']",卖家很客气
818,"['收到', '宝贝', '出', '了', '点', '问题', '卖家', '不错', '给出', '了', '解决办法']",卖家不错
819,"['值得', '信赖', '的', '品牌']","10120-11-0,7;"
820,"['好棒', '物流', '很快', '服务', '好']",服务好
821,"['经', '鉴定', '是', '正品', '是', '可信赖', '的', '卖家']",是可信赖的卖家
822,"['挺', '好', '的', '服务态度', '又', '好']","920-11-0,3;10120-11-4,10;"
823,"['物美价廉', '值得', '信赖']","520-11-0,4;10120-11-5,9;"
824,"['经检测', '非', '扩容', '盘', '读写', '速度', '满意', '值得', '信赖', '好评']",值得信赖
825,"['卖家', '服务态度', '很', '好', '很', '满意', '质量', '很', '好']",卖家服务态度很好
826,"['品牌', '的', '东西', '值得', '信赖']",值得信赖
827,"['很', '开心', '的', '一次', '购物', '商家', '给力', '默认', '的', '物流', '也', '给', '力']",商家给力
828,"['已', '收到', '这', '是', '在', '贵店', '购买', '第二个', '了', '一直', '做', '车载', 'U盘', '用', '不', '占', '地方', '小巧玲珑', '的', '卖家', '服务态度', '不错']","10120-11-37,45;"
829,"['U盘', '很', '好好', '卖家', '中通', '快递', '现在', '越来越', '慢', '了']",好卖家
830,"['很', '好', '卖家', '态度', '很', '好']","920-11-0,2;10120-11-3,9;"
831,"['产品质量', '零', '缺陷', '为', '你们', '点赞耐', '心不烦', '热情', '细心', '就', '怕', '顾客', '不', '明白', '我', '是', '实际', '感受', '了', '我', '坚信', '他们', '是', '同行业', '中', '的', '佼佼者', '产品质量', '零', '缺陷', '为', '你们', '点赞耐', '心不烦', '热情', '细心', '就', '怕', '顾客', '不', '明白', '我', '是', '实际', '感受', '了', '我', '坚信', '他们', '是', '同行业', '中', '的', '佼佼者']",热情 赞！
833,"['东西', '小巧', '精致', '用', '着', '还', '方便', '是', '正品', '而且', '传输速度', '也', '很快', '特意', '晚', '了', '两天', '才', '评论', '的', '值得', '大家', '买']",是正品
834,"['宝贝', '很', '不错', '小巧', '是', '正品', '插', '在', '车上', '不', '影响', '美观', '值得', '入手', '只是', '出现', '过', '一次', '不', '识别', '的', '问题', '重新', '插入', '并', '再次', '发动', '汽车', '后', '又', '正常', '了']",是正品
835,"['U盘', '很', '不错', '比', '旗舰店', '便宜', '比', '京东', '便宜', '是', '正品', '好评']",是正品
836,"['物流', '很快', '十分', '小巧', '可爱', '查', '了', '防伪', '正品']","1020-11-12,18;920-11-5,11;420-11-0,4;"
837,"['东西', '挺', '好', '读写', '比', '其余', '品牌', '快', '两倍', '一看', '就是', '正品', '包装', '无疑', '价格便宜', '性价比', '很', '高', '品牌', '的', '东西', '就是', '好用', '确实', '是', '正品', '比', '京东', '便宜', '好几块', '产品', '性价比', '高']",一看就是正品包装无疑 牌的东西就
838,"['快递', '可以', 'U盘', '小巧玲珑', '的', '验过', '了', '是', '正品', '只是', '用', '的', '时候', '起热有', '一点点', '烫', '总体', '比较满意']",验过了是正品
839,"['酷豆', '好好', '用', '方便快捷', '经验', '证为', '正品', '店家', '发货', '迅速', '快', '递给', '力']",经验证为正品
840,"['非常', '给力', '一看', '就是', '正品', '包装', '无疑', '后', '上官', '网', '验证', '正品', 'OK', '全', '五星', '好评', '买', '了', '11', '个', '做', '公司', '的', '小', '礼品', '用', '商家', '开', '的', '发票', '也', '很', '正规', '赞', '一个', 'U盘', '小巧', '便携', '车载', '放', '放', '音乐', '或者', '放包', '里面', '随时', '备份', '个', '数据', '什么', '的', '都', '非常', '好', '16GB', '的', '容量', '计算机', '显示', '为', '148G', '完全', '正常', '与', '换算', '后', '的', '容量', '一致', 'SanDisk', '大', '品牌', '值得', '信赖', '非常', '好']",一看就是正品包装无疑 后上官网验证正品OK
841,"['一看', '就是', '正品', '很', '好', '用', '良心', '卖家', '值得', '推荐', '我', '想', '说', '的', '是', '真的', '好', '小']",一看就是正品
842,"['特别', '满意', '是', '正品', '非常', '小巧', '是', '我', '想要', '的']",是正品
843,"['很', '好', '很', '强大', '车上', '用', '原来', '用', '读卡器', '占', '地方', '还', '总坏', '今天', '就', '买', '了', '这', '宝贝', '还', '真', '小', '不', '占', '地方', '隐形', '了', '还', '带', '指示灯', '厉害', '传输速度', '也', '快', '空间', '太', '大', '关键', '8G', '的', '也', '是', '这价', '还是', '拿个', '大', '的', '也', '能', '装点', '别的', '正品', '大小', '规范', '新品', '插拔', '比较', '紧', '带上', '绳子', '好用', '希望', '能', '用', '长久', '好评', '先']",正品
844,"['发货', '速度', '很快', '质量', '很', '好', '没', '问题', '不许', '标是', '正品', '下次', '需要', '还会', '再', '来']",是正品
845,"['挺不错', '小巧', '方便', 'helliphellip', '数据传输', '稳定', '快捷', '正品', '支持', '下', 'helliphellip', '以后', '还会', '光顾', '的']",正品
846,"['正品', '关键', '是', '比', '京东', '和', '其他', '店铺', '要', '便宜', '用', '在', '车上', '很', '小巧', '推荐']",正品
847,"['货', '收到', '了', '发货', '非常', '快', '快递', '也', '非常', '快', '东西', '挺', '好', '包装', '挺', '精致', '验', '了', '一下', '确实', '是', '正品', '值得', '购买']",确实是正品
849,"['U盘', '不错', '是', '正品', '小巧', '可爱', '容量', '148G', '已经', '可以', '了', '能装', '很多', '歌曲', '就是', '时间', '长', '了', '会', '发热']",是正品
850,"['非常', '小巧', '的', 'U盘', '在', '官', '网查', '了', '是', '正品', '的', '好', '用', '非常', '喜欢', '价格', '实惠', '发货', '快', '物流', '也', '快', '啊']",在官网查了是正品的
851,"['发货', '很快', 'U盘', '验证', '过', '了', '是', '正品', 'U盘', '很', '小巧', '放在', '车上', '听歌', '用', '非常', '合适']",U盘验证过了是正品
852,"['小巧玲珑', '包装', '正规', '正品', '无疑']",正品无疑
853,"['u', '盘', '小巧', '可爱', '应该', '是', '正品', '挺', '划算', '的']",应该是正品
854,"['货真价实', '值得', '一赞', '是', '真品', '建议', '购买', '下次', '还来']",是真品
855,"['很', '小巧', '是', '正品', '车上', '用来', '放歌', '相当', '合适']",是正品
856,"['很', '好', '是', '正品', '很', '好', '用', '而且', '还', '按', '要求', '提供', '了', '增值税', '普票', '方便', '报销', '5', '分', '好评']",是正品
857,"['因', '出差', '确认', '晚', '了', '抱歉', 'u', '盘', '很', '小巧', '验证码', '验证', '正品', '很', '开心', '的', '一次', '购物']",验证码验证正品
858,"['小巧', '精致', '不', '占', '空间', '查', '了', '防伪', '是', '正品', '信得过']",查了防伪是正品
859,"['个人感觉', '是', '正品', '确实', '很', '小巧', '五分', '好评']",个人感觉是正品
860,"['挺', '好', '老公', '很', '喜欢', '是', '正品', '值得', '购买']",是正品
861,"['官网查', '了', '是', '正品', '小巧', '实用', '满分', '给', '赞']",官网查了是正品
862,"['正品', '实用', '148G', '完全', '够', '我', '用', '了', '小巧', '方便']",正品
863,"['好', '东西', '正品', '量足', '微型', '方便', '全', '五分']",正品
864,"['昨天下午', '就', '收到', '了', '应该', '是', '正品', '148G', '容量', '内', '附加', '密', '工具', '很', '小巧', '店家', '发货', '及时', '物流', '也', '很快', '全', '5', '分', '好评']",应该是正品
865,"['u', '盘', '很', '小巧', '老板', '加送', '了', '挂绳', '背面', '有', '防伪', '标识', '是', '正品', '放心', '买']",是正品
866,"['非常', '好', '还', '未', '使用', '看上去', '是', '正品', '物流', '给力', '好评']",看上去是正品
867,"['不错', '小巧', '精致', '是', '正品']","920-11-0,2;920-11-3,7;1020-11-8,11;"
868,"['不错', '是', '正品', '传输速度', '很快', '赞', '一个']",不错是正品
869,"['质量', '好', '内存', '大', '正品', '信得过']",正品信得过
870,"['正品', '没', '问题', '比', '京东', '便宜', '好几块', '好评']",正品没问题
871,"['宝贝', '好', '没话说', '是', '正品', '尤其', '客服', '态度', '好', '的', '没话说', '比', '某家强', '多', '了', '表里不一', '糊弄', '消费者', '以后', '买', '优盘', '就', '这家', '了']",是正品
873,"['148G', '容量', '包装', '丟的', '快', '了', '忘记', '查', '真伪', '了', '不过', '看起来', '像', '正品', '挺', '好', '的', '真心', '小', '呀', '挂', '不到', '钥匙环', '上']",不过看起来像正品
874,"['正品', '无疑', '体型', '小巧', '做工', '精细', '传输速度', '快', '店家', '发货', '快', '这个', '价格', '非常', '满意']",正品无疑
875,"['物流', '快', '包装', '好', '发货', '快', '正品', '无误', '好评', '～']",正品无误
876,"['很小', '很', '精致', '质量', '不错', '很', '适合', '车载', '正品', '点个', '赞']",正品
877,"['小巧', '可爱', '正品', '祝', '卖家', '生意兴隆']",正品
878,"['正品', '很', '好', '很', '满意', '好评', '祝', '老板', '生意兴隆']",正品
879,"['很', '小巧', '应该', '是', '正品', '用', '起来', '很', '方便']",应该是正品
880,"['就', '不照', '照片', '了', '物流', '相当', '快', '隔天', '就', '到', '了', '自己', '在', '网上', '查', '的', '是', '正品', '一', '开始', '担心', '在', '车上', '会', '不会', '不能', '用', '下载', '好', '歌曲', '后', '在', '车上', '试了试', '一点', '问题', '都', '没有', '绝对', '给', '好评']",自己在网上查的是正品
881,"['很', '好', '不错', '正品', '发货', '迅速']","10420-11-0,10;1020-11-0,10;"
882,"['挺不错', '的', '应该', '是', '正品', '传输速度', '还', '可以', '好评']",应该是正品
883,"['宝贝', '收到', '是', '正品', '小巧', '速度', '快', '5', '分', '好评', '不错', '的', '卖家', '发货', '速度', '快']",是正品
884,"['非常', '好', '是', '正品', '价廉物美', '值得', '购买', '满意']",是正品
885,"['发货', '很快', '快递', '也', '给', '力', '的确', '是', '正品', '非常', '满意']",的确是正品
886,"['正品', '质量', '很', '方便', '只是', '插', '在', '车上', '总是', '会', '卡机', '可能', '最大', '只', '支持', '8G', '的', '吧']",正品质量
888,"['发短信', '查', '了', '确实', '是', '正品', '实际', '能用', '的', '也', '有', '14G', '多', '和', '描述', '的', '一样', '希望', '质量', '过关', '能', '多用', '一些', '时间']",确实是正品
889,"['正品', '容量', '足', '就是', '太小', '容易', '发热', '但是', '一直', '都', '在', '用', '赞']",正品
890,"['确实', '正品', '就是', '有点', '发热', '应该', '没事', '还', '没放', '车上', '过', '几天', '用用', '再', '追加']",确实正品
891,"['内存卡', '是', '给', '行车', '记录仪', '用', '的', '那个', 'u', '盘', '是', '给', '车载', 'us', '用', '包装', '正规', '扫', '了', '二维码', '都', '是', '正品', '五星', '好评']",扫了二维码都是正品
892,"['的确', '是', '正品', '不过', '20', '这', '速度', '我', '也', '真是', '无语', '了', '之前', '买', '的', '30', '的', '真快', '啊', '不过', '自己', '买错', '了', '自己', '承担', '后果', '呵呵', 'hellip']",的确是正品
893,"['宝贝', '两天', '都', '收到', '了', '很快', '东西', '挺棒', '是', '正品']","620-11-12,16;620-12-0,8;420-11-9,11;1020-11-17,20;"
894,"['宝贝', '已', '收到', '防伪', '验证', '了', '是', '正品', '不过', '没有', '见', '发票']",防伪验证了是正品
895,"['宝贝', '外观', '精致', '、', '迷你', '内容', '148G', '应该', '是', '正品', '吧', '就是', '传输速度', '有点', '慢']",应该是正品吧
896,"['宝贝', '收到', '是', '正品', '小巧', '好用', '容量', '148G']",是正品
897,"['是', '正品', '小巧', '放', '车里', '用', '很', '适合']",是正品
898,"['已', '收到', '查', '了', '是', '正品', '很', '好', '用']",是正品
899,"['好', '正品', '很快']",好正品
900,"['的确', '不错', '很小', '官方', '正品']","920-11-0,4;1020-11-8,12;920-12-5,7;"
901,"['很', '好', '之前', '就', '担心', '是不是', '正品', '是', '正品', '就', '好', '就是', '太小', '了']",是正品就好
902,"['正品', 'u', '盘', '外观', '小巧', '就是', '盖子', '有点', '松送', '了', '条线', '刚刚', '好', '宝贝', '很', '好', '就是', '快递', '有点', '慢']",正品u盘
903,"['挺', '好', '的', '很小', '短信', '查询', '是', '正品', '内存', '148']",短信查询是正品
904,"['正品', '传速', '很快', '第二次', '购买', '了', '客服', '很漂亮', '哦']",正品
905,"['官网查', '了', '是', '正品', '不过', '速度', '真心', '慢', '拷贝', '几兆', '一个', '的', '音乐文件', '只有', '5', '兆', '每秒', '介意', '速度', '的', '就', '不要', '买', '了']",官网查了是正品
906,"['正品', '对比', '验货', '比', '京东', '正品', '京东', '是', '二手货', '这里', '是', '正品', '一手', '货']",正品 比京东正品</em<em>>，京东是二手货
907,"['很', '好', '是', '正品', '读写', '速度', '快', '体积小', '容量', '有', '14g', '多', '可以', '通过', 'mydisktest', '测试']",是正品
908,"['宝贝', '是', '正品', '无误', '原本', '以为', '是', '30', '的', '买', '的', '时候', '没', '看', '不过', '还好', '啦']",宝贝是正品无误
909,"['有', '148G', '可以', '了', '查', '了', '一下', '是', '正品', '就', '看', '质量', '能', '用', '多久', '了']",查了一下是正品
910,"['验证', '过', '是', '正品', '放在', '车上', '放', '音乐', '挺', '好', '的', '165', '首歌', '1G', '多点', '能放', '很多歌', '够用', '了']",验证过是正品
911,"['给', '同事', '买', '的', '闪迪', '内存卡', '品牌', '不错', '正品', '稳定', '推荐', '好友', '购买']",正品稳定
912,"['正品', '有', '防伪', '码', '查询', '后', '没', '问题', '小巧', '插', '在', '车上', '很', '不想', '不', '起来', '因为', '不怎么', '看得见']",正品
913,"['看着', '很', '不错', '应该', '是', '正品', '还', '没', '使用', '好评']",应该是正品
914,"['还行', '吧', '最起码', '包装', '是', '那种', '无法', '打开', '的', '应该', '是', '正品']",应该是正品
915,"['习惯', '好评', '还', '没用', '应该', '是', '正品', '用', '几天', '会', '追评']",应该是正品
916,"['是', '正品', '买', '了', '就', '变', '便宜']",是正品
917,"['东西', '不错', '是', '正品', '用', '了', '一段时间', '才', '来', '评价']",是正品
918,"['便宜', '应该', '是', '正品']","520-11-0,2;1020-11-3,8;"
919,"['品牌', '值得', '信赖', '产品', '确实', '不错', '应该', '是', '正品']","1020-11-14,19;10120-11-0,6;620-11-7,13;"
920,"['便宜', '查', '了', '是', '正品']","520-11-0,2;1020-11-3,8;"
921,"['看', '包装', '很正', '应该', '是', '正品']","220-11-0,5;1020-11-6,11;"
922,"['是', '正品', '包装', '精美', '物流', '迅速', '容量', '标准']",是正品
923,"['东西', '不错', '是', '正品', '用', '了', '再', '来', '评价']",是正品
924,"['外包装', '很', '好', '是', '正品', '容量', '也', '是', '够', '的', '不错', '的', '一次', '购物']",是正品
925,"['不错', '是', '真品', '质量', '以后', '再', '评价']",是真品
927,"['宝贝', '不错', '正品', '足量']",正品足量
928,"['东西', '不错', '正品', '物流', '也', '可以', '快', '赶上', '顺丰', '了']",正品
929,"['不错', '隐藏', '了', '不', '占地', '儿', '148GB', '验证', '真品']",验证真品
930,"['东西', '收到', '了', '是', '正品', '喜欢', '小小的', '很', '方便']",是正品
931,"['防伪', '码查', '过', '确实', '是', '正品']","1020-11-6,11;"
932,"['很', '好', '是', '正品', '价格', '也', '合适', '实际', '内存', '不到', '15g']",是正品
933,"['小巧玲珑', '的', '小', 'U盘', '是', '正品', '而且', '内存', '足有', '149G', '就是', '物流', '差', '的', '要死', '好评', '吧']",是正品而且内存足有14
934,"['正品', '价格便宜', '传输速度', '快']",正品
935,"['看着', '是', '正品']",看着是正品
936,"['查', '过', '防伪', '是', '正品', '就是', '送', '的', '绳子', '质量', '不敢恭维']",是正品
937,"['挺', '好', '的', '是', '正品', '非常', '的', '不错']",挺好的是正品
938,"['旗舰店', '发货', '就是', '不', '一样', '正品', '还有', '保障']","1020-11-11,17;10420-12-0,10;"
939,"['闪迪官', '网', '查询', '正品']","1020-11-0,8;"
940,"['刚', '收到', '查询', '了', '一下', '防伪', '码', '证实', '是', '正品']","1020-11-13,18;"
941,"['非常', '小巧', '闪迪', '值得', '信赖', '正品']",正品
942,"['次品', '不能', '用', '根本', '不能', '识别']",次品不能用
943,"['是', '正品', '传输', '还', '行']",是正品
944,"['质量', '很', '好', '查询', '防伪', '了', '是', '正品', '装车', '上', '不', '占地']",是正品
945,"['东西', '是', '正品', '物流', '较慢']",东西是正品
946,"['正品', '优盘', '中', '的', '领导者', '满分', '好评']",正品
947,"['发货', '速度', '快', '性价比', '高是', '正品']","10420-11-0,5;1020-11-11,14;20520-11-6,10;"
948,"['宝贝', '很', '好', '是', '正品', '小巧玲珑']",是正品
949,"['应该', '是', '正品']",应该是正品
950,"['东西', '很', '好', '是', '正品']",东西很好是正品
951,"['查询', '了', '是', '正品', '用', '在', '车上', '放', '歌曲', '用', '的', '希望', '耐用', '吧']",是正品
952,"['经常', '进货', '就', '拿', '他家', '的', '优盘', '是', '正品', '的', '可以', '放心', '购买']","1020-11-12,22;"
953,"['很', '好', '正品', '在', '这里', '买', '了', '好几个', '这种', 'U盘', '了']",正品
954,"['东西', '好', '是', '正品']",是正品
955,"['东西', '不错', '物流', '也', '挺快', '查', '了', '防伪', '是', '正品']","1020-11-11,18;620-11-0,4;420-11-5,10;"
956,"['验', '了', '是', '正品']",验了是正品
957,"['u', '盘好', '小', '啊', '是', '正品', '目前', '没有', '什么', '问题']",是正品
958,"['不错', '挺', '小巧', '的', '验证', '是', '正品']",验证是正品
959,"['是', '正品', '防伪', '验证码', '验证', '一下', '是', '正品']",是正品 防伪验证码验证一下是正品
960,"['物流', '挺快', '的', '应该', '是', '正品', '内存', '有', '14', '多', '客服', '人', '也', '很', '好']",应该是正品
961,"['还', '可以', '感觉', '应该', '是', '正品']","920-11-0,3;1020-11-4,11;"
962,"['应该', '是', '正品', '传输速度', '挺快', '的']",应该是正品
963,"['价格便宜', '正品']",正品
964,"['不错', '的', '宝贝', '感觉', '是', '正品', '没', '问题', '推荐']",感觉是正品
965,"['正品', '发货', '速度', '也', '很快', '就是', '物流', '有点', '不给力', '动态', '也', '没有', '什么', '同志', '也', '没有']",正品
966,"['是', '正品', '小巧玲珑', '非常', '满意']",是正品
967,"['很', '好', '应该', '是', '正品', '小巧', '不', '占', '空间']",应该是正品
968,"['很', '好', '用', '应该', '是', '正品']","920-11-0,3;1020-11-4,9;"
969,"['宝贝', '收到', '了', '是', '正品', '下次', '继续', '关注', '你家']",是正品
970,"['不错', '很', '好', '是', '正品']",是正品
971,"['正品', '下次', '还来']",正品
972,"['好用', '應該', '是', '正品']","920-11-0,2;1020-11-3,8;"
973,"['正品', '用', '着', '确实', '不错', '赞']",正品
974,"['正品', '小巧玲珑']",正品
975,"['东西', '很', '不错', '是', '正品']",是正品
976,"['是', '正品', '有', '15', '个', 'g', '左右']",是正品
977,"['正品', '好货', '物美价廉']",正品好货
978,"['不错', '价格', '实惠', '绝对', '正品']",绝对正品
979,"['质量', '用', '段时间', '才', '晓得', '识别', '快', '应该', '是', '正品']","1020-11-14,19;420-11-10,13;620-12-0,9;"
980,"['还', '可以', '应该', '是', '正品', '吧', '物流', '也', '很快']",应该是正品吧
981,"['正品', '物流', '也', '很', '给', '力']",正品
982,"['真的', '非常', '好', '绝对', '正品']","920-11-0,5;1020-11-6,10;"
983,"['正品', '速度', '快', '好评']",正品
984,"['正品', '车用', '刚好', '很', '满意', 'hellip']",正品
985,"['可以', '是', '正品']","920-11-0,2;1020-11-3,6;"
986,"['东西', '是', '正品', '发货', '很快', '给', '满分']",东西是正品
987,"['是', '正品', '我查', '过', '了', '满意']",是正品
988,"['发货', '很快', '第一天', '买', '的', '第二天', '就', '到', '了', '正品', '很', '好']",正品
989,"['正品', '还', '没有', '试', '马上', '试试看']",正品
990,"['正品', '一直', '用', '这个', '牌子', '的']",正品
991,"['是', '正品', '可', '为什么', '没有', '绳子', '呢']",是正品
992,"['很', '实用', '的', '小', 'U盘', '正品']",正品
993,"['很', '好', '正品', '质量', '没', '的', '说']",正品
994,"['正品', '读取', '写入', '速度', '很快']",正品
995,"['收到', '后', '测试', '了', '一下', '是', '正品']","1020-11-9,12;"
996,"['正品', '不错', '小巧']",正品
997,"['正品', '目前', '没什么', '问题']",正品
998,"['内存', '够', '是', '正品']",是正品
999,"['是', '正品', '质量', '不错']",是正品
1000,"['是', '正品', '就是', '写入', '速度', '有点', '慢', '写入', '速度', '5M', '左右']",是正品
1001,"['快', '递给', '力', '东西', '是', '正品']",东西是正品
1002,"['是', '正品', '很', '好']",是正品
1003,"['是', '正品', '不错']",是正品
1004,"['不错', '正品', '满意']",正品
1005,"['是', '正品', '挺', '小', '的']",是正品
1006,"['物流', '很快', '东西', '是', '正品']",东西是正品
1007,"['绝对', '正品', '质量', '好', '价格低', '发货', '速度', '快']",绝对正品
1008,"['很棒', '正品']",正品
1009,"['好评', '查询', '了', '是', '正品']","920-11-0,2;1020-11-3,9;"
1010,"['正品', '检查', '没', '问题']",正品
1011,"['检测', '过', '了', '是', '正品', '就', '喜欢', '这个', '小型', '设计', '很赞']",是正品
1012,"['u', '盘', '不错', '正品']","920-11-0,4;1020-11-5,7;"
1013,"['很', '不错', '的', '正品', '谢谢']",很不错的正品
1014,"['正品', '没', '啥', '问题']",正品
1015,"['速度', '快', '正品']","1020-11-4,6;420-11-0,3;"
1016,"['东西', '收到', '是', '正品', '容量', '有', '1484G']",是正品
1017,"['好', '正品', '物美价廉']",正品
1018,"['是', '正品', '值得', '购买']",是正品
1019,"['正品', '用用', '看']",正品
1020,"['正品', '小巧', '放', '车里', '合适']",正品
1021,"['第二次', '购买', '了', '涨价', '了', '比', '第一次', '贵', '了', '好多', '是', '正品', '质量', '挺', '好', '的', '店家', '的', '服务', '一流', '的']",是正品
1022,"['内存卡', '是', '正品', '很', '精致', '全', '五分', '好评']",内存卡是正品
1023,"['正品', '值得', '购买']",正品
1024,"['挺', '好', '正品', '物流', '很快']",正品
1025,"['正品', '速度', '可以']",正品
1026,"['不错', '是', '正品']","920-11-0,2;1020-11-3,6;"
1027,"['没有', '验证', '看着', '像', '正品']",看着像正品
1028,"['宝贝', '不错', '应该', '是', '正品']","620-11-0,4;1020-11-5,10;"
1029,"['正品', '很', '好', '好评']",正品
1030,"['是', '正品', '没', '问题', '还', '可以', '加密', '666666666666666']",是正品没问题
1031,"['考了', '一些', '音乐', '进去', '应该', '是', '正品', '吧']","1020-11-11,17;"
1032,"['是', '正品', '8n', '未', '拆封', '相信', '闪迪']",是正品8n
1033,"['是', '正品', '148g', '的', '容量']",是正品
1034,"['经', '鉴定', '是', '正品', '是', '可信赖', '的', '卖家']",经鉴定是正品
1035,"['是', '正品', '质量', '很', '好']",是正品
1036,"['正品', '绝对', '是', '正品']",正品 绝对是正品
1037,"['很', '好', '买', '过', '好', '几次', '了', '正品', '很', '好']",正品
1038,"['正品', '非常', '小巧']",正品
1039,"['快递', '速度', '快', '正品']","1020-11-7,9;420-11-0,5;"
1040,"['正品', '好评']",正品
1041,"['正品', '还会', '购买']",正品
1042,"['不错', '正品']",正品
1043,"['网页', '验证', '了', '是', '正品', '只是', '感觉', '文件', '传输速度', '一般', 'helliphellip']",是正品
1044,"['宝贝', '是', '正品', '歌曲', '不', '赞成', '裸机', '比较', '核算']",宝贝是正品
1045,"['高速', '的', '果然', '比', '普通', '的', '快', '多', '了', '同样', '18G', '的', '电子书', '普通', '盘用', '了', '半小时', '这个', '居然', '只用', '了', '七分', '多', '钟', '价格', '也', '只', '比', '普通', '盘多', '十块钱', '第一次', '买', '闪迪', '的', '宝贝', '一个', 'u', '盘', '一张', '手机卡', '都', '很', '好', '果然', '正品', '还是', '靠得住', '些']","920-12-33,44;520-12-46,58;620-12-59,68;920-12-0,12;920-11-79,82;1020-11-83,93;"
1046,"['正品', '不错', '目前', '没有', '发现', '什么', '问题']",正品
1048,"['质量', '可以', '够', '小', '的', '外观', '汽车', '好用', '、', '就是', '读写', '数据', '有点', '慢才', '5M', '左右', '总的来说', '性价比', '高']",总的来说性价比高
1049,"['不错', '很', '好', '性价比', '很', '高']","920-11-0,2;920-11-3,5;20520-11-6,11;"
1050,"['东西', '不错', '质量', '很', '好', '性价比', '非常', '高']",性价比非常高
1051,"['性价比', '很', '高', '车载', '非常适合']",性价比很高
1052,"['发货', '速度', '快', '性价比', '高是', '正品']",性价比高
1053,"['性价比', '高质量', '可靠', '值得', '一买']",性价比高
1054,"['价格便宜', '性价比', '高', '使用', '很', '好', '很', '满意']",性价比高
1055,"['小巧', '可爱', '性价比', '高']","920-11-0,4;20520-11-5,9;"
1056,"['小巧玲珑', '性价比', '高']","20520-11-5,9;"
1057,"['性价比', '一流', '好评']",性价比一流
1058,"['宝贝', '收到', '了', '質量', '很', '好', '性价比', '高強烈', '推薦']",性价比高
1059,"['很', '好', '性价比', '高']","920-11-0,2;20520-11-3,7;"
1060,"['不错', '性价比', '很', '高']","920-11-0,2;20520-11-3,8;"
1062,"['U盘', '已', '收到', '实际', '容量', '148G', '系', '正常', '范围', 'U盘', '包装', '很', '好', '质量', '不错', '物流', '服务', '很', '好', '谢谢', '快递', '师傅', '物流', '服务', '很', '好', '谢谢', '快递', '师傅']",物流服务很好 ，谢谢快递师
1063,"['宝贝', '已', '收到', '与', '图', '描述', '一样', '如', '老板', '说', '的', '一样', '实用', '146G', '是', '个', '诚信', '的', '老板', '物流', '服务态度', '好', '老板', '服务态度', '热情', '值得', '推荐', '和', '赞', '一个', '好评']",物流服务态度好
1105,"['东东', '不错', '录入', '速度', '非常', '不错', '好评', '店家', '发货', '也', '十分', '快']",录入速度非常不错
1106,"['物流', '快', '包装', '好', '发货', '快', '正品', '无误', '好评', '～']",物流快 包装好发货快
1107,"['物流', '超级', '快', '东西', '很', '好', '小巧', '可爱']",物流超级快
1108,"['很', '好', '运行', '速度', '挺快', '车上', '换', '两个', '优盘', '了', '这个', '好用']",运行速度挺快
1109,"['好', '非常', '好', '特别', '好', '满意', '非常', '满意', '特别', '满意', '以后', '有', '需要', '还会来', '的', '谢谢', '物流', '非常', '快']",物流非常快
1110,"['东西', '真心', '不错', '小巧玲珑', '物流', '给力', '包装', '很', '好', '商家', '不错', '给', '满分']",物流给力
1111,"['不错', '比', '东芝', '的', '快', '很', '小巧']",比东芝的快
1112,"['149G', '正常', '的', '读取', '很快', '插', '车上', '很小', '很', '不错']",读取很快
1113,"['特别', '好', '物流', '超快', '实用', '开心']",物流超快
1114,"['物流', '太快', '啦', '昨天下午', '拍', '的', '今天', '就', '到货', '啦', '产品', '也', '给力', '超赞', '好评']",物流太快啦
1275,"['速度', '快', '正品']",速度快
1276,"['很', '不错', '的', '一次', '购物', '很', '满意', '很快']","920-11-0,8;420-11-13,15;920-11-9,12;"
1277,"['还', '不错', '音质', '很', '好', '物流', '也', '快']","920-11-0,3;420-11-9,13;920-11-4,8;"
1278,"['物流', '很快', '东西', '很', '好']",物流很快
1279,"['好', '东西', '神速']","620-11-0,3;420-11-4,6;"
1280,"['帮', '朋友', '买', '的', '物流', '特别', '快']","420-11-6,11;"
1281,"['挺', '好', '的', '小巧玲珑', '传输速度', '快']","920-11-0,3;420-11-9,14;"
1282,"['挺不错', '的', '小', 'U盘', '快', '递给', '力']","920-11-0,7;420-11-8,12;"
1283,"['收到', '了', '很快', '写入', '快', '在', '车上', '用', '很', '满意']",很快 写入快
1284,"['快', '品质', '好']",快
1295,"['物流', '快', '很', '小巧']","420-11-0,6;"
1296,"['东西', '不错', '物流', '很快']",物流很快
1297,"['不错', '送货', '速度', '快', '质量', '很', '好']",送货速度快
1298,"['东西', '很', '好', '多次', '购买', '了', '读取', '速度', '很快', '谢谢', '店家']",读取速度很快
1299,"['物流', '快', 'u', '盘好', '还有', '带', '发票']",物流快
1300,"['满分', '速度', '很快']","920-11-0,2;420-11-3,7;"
1301,"['物流', '非常', '给力', '产品', '小巧', '还', '没', '下载', '东西', '不', '知道', '怎么样']",物流非常给力
1302,"['很', '小巧', '物流', '也', '很快']","920-11-0,3;420-11-4,9;"
1303,"['物流', '很快', '小东西', '很', '不错', '又', '帮', '同事', '买', '了', '一个']",物流很快小东西很不错
1304,"['物流', '非常', '快', '非常', '满意']",物流非常快
1355,"['第二次', '购买', '了', '放在', '车上', '很', '好', '用', '读取', '速度', '非常', '快']",放在车上很好用读取速度非常快
1356,"['传输速度', '不错', '插', '在', '车', '里面', '一点', '也', '不会', '挡住']",传输速度不错
1357,"['发货', '的', '速度', '快', '物流', '也', '快', '很', '小巧', '可爱', '包装', '也', '挺', '好', '使用方便']",发货的速度快 物流也快
1358,"['发货', '速度', '快', 'ltemgt', '读取', '速度', '快', '666', '非常', '满意']",发货<em>速度快</
1359,"['还', '行', '物流', '速度', '挺快', '个人感觉', '工体', '音乐', '不好', '听', '习惯性', '五星', '好评']",物流速度挺快
1360,"['148G', '已经', '用', '上', '了', '小巧', '好用', '速度', '很快']",速度很快
1361,"['我', '喜欢', '物流', '很快']","920-11-0,3;420-11-4,8;"
1362,"['质量', '不错', '物流', '快赞']",物流快
1363,"['很', '好', '很快']",很快
